Team,Year,AvAge,GP,W,L,OL,PTS,PTS%,GF,GA,SOW,SOL,SRS,SOS,TG/G,EVGF,EVGA,PP,PPO,PP%,PPA,PPOA,PK%,SH,SHA,PIM/G,oPIM/G,S,S%,SA,SV%,PDO
Tampa Bay Lightning,2019,27,55,40,11,4,84,0.764,212,154,4,1,1,-0.05,6.65,151,124,51,178,28.65,27,176,84.66,6,2,8.6,8.9,1800,11.6,1785,0.914,101.1
Calgary Flames,2019,27.4,55,34,15,6,74,0.673,202,161,0,3,0.73,-0.02,6.6,142,117,44,197,22.34,36,178,79.78,16,5,8.9,10.6,1770,11.4,1600,0.901,100.6
San Jose Sharks,2019,29.1,56,33,16,7,73,0.652,203,175,0,3,0.45,-0.05,6.75,155,139,41,167,24.55,29,162,82.1,7,4,8.3,8.7,1925,10.5,1604,0.893,98.9
Winnipeg Jets,2019,26.4,55,34,18,3,71,0.645,191,159,2,1,0.52,-0.06,6.36,138,121,45,173,26.01,33,164,79.88,6,4,9.2,8.8,1758,10.8,1825,0.913,100.6
Toronto Maple Leafs,2019,27.4,54,34,17,3,71,0.657,194,153,0,0,0.74,-0.02,6.43,164,122,28,136,20.59,27,140,80.71,2,4,6.2,6.8,1698,11.4,1768,0.913,102.8
Nashville Predators,2019,28.5,57,33,20,4,70,0.614,176,146,1,1,0.5,-0.02,5.65,144,106,25,188,13.3,32,175,81.71,6,7,8.1,10.2,1852,9.4,1671,0.913,100.8
New York Islanders,2019,28.3,54,32,16,6,70,0.648,158,132,3,5,0.45,-0.03,5.37,124,96,26,162,16.05,30,152,80.26,5,1,8.2,8.1,1550,10,1656,0.923,102.2
Montreal Canadiens,2019,27.6,56,31,18,7,69,0.616,172,162,2,0,0.17,-0.01,5.96,142,121,24,178,13.48,37,179,79.33,4,4,8.6,8.4,1873,9.1,1748,0.907,100.4
Boston Bruins,2019,28.4,55,30,17,8,68,0.618,160,144,1,2,0.29,0,5.53,110,99,47,173,27.17,33,161,79.5,2,10,9.8,9.3,1817,8.8,1683,0.916,99.9
Washington Capitals,2019,28.4,55,30,18,7,67,0.609,186,176,3,1,0.17,-0.01,6.58,146,130,34,162,20.99,41,189,78.31,3,4,9.2,8.8,1665,11,1783,0.902,101.5
Vegas Golden Knights,2019,29.1,57,31,22,4,66,0.579,170,157,2,1,0.16,-0.06,5.74,130,128,31,171,18.13,27,163,83.44,7,1,6.9,7.4,1902,8.8,1633,0.904,98.9
Columbus Blue Jackets,2019,26.3,54,31,20,3,65,0.602,177,167,0,1,0.13,-0.06,6.37,147,139,26,156,16.67,23,145,84.14,4,4,6.5,6.7,1719,10.3,1627,0.898,100.1
Pittsburgh Penguins,2019,28.4,55,28,20,7,63,0.573,189,172,1,2,0.32,0.01,6.56,145,131,36,153,23.53,27,150,82,7,12,7.6,7.3,1789,10.5,1816,0.906,101.1
Carolina Hurricanes,2019,26.5,55,28,21,6,62,0.564,161,160,1,2,0.03,0.01,5.84,125,118,29,181,16.02,34,172,80.23,6,6,7.3,8.2,1952,8.2,1542,0.898,98.7
Dallas Stars,2019,28,55,28,22,5,61,0.555,142,140,0,0,0.06,0.02,5.13,108,111,30,144,20.83,28,163,82.82,4,1,7.9,7.3,1660,8.6,1705,0.918,100.2
Buffalo Sabres,2019,26.5,54,27,20,7,61,0.565,161,167,4,1,-0.1,0.01,6.07,125,134,30,160,18.75,27,150,82,2,5,7.3,7.7,1759,8.9,1765,0.906,100.2
Minnesota Wild,2019,29.6,55,27,23,5,59,0.536,155,160,1,2,-0.12,-0.03,5.73,115,127,34,162,20.99,29,165,82.42,5,2,8,8.7,1729,8.9,1604,0.901,98.6
St. Louis Blues,2019,27.9,53,26,22,5,57,0.538,150,155,0,1,-0.05,0.05,5.75,119,114,28,153,18.3,35,164,78.66,3,5,8,8.2,1664,9,1523,0.899,99.7
Philadelphia Flyers,2019,26.6,55,25,23,7,57,0.518,161,182,2,1,-0.4,-0.02,6.24,128,133,27,164,16.46,40,168,76.19,4,8,9.2,8.4,1726,9.2,1719,0.895,99.8
Vancouver Canucks,2019,26.9,56,25,24,7,57,0.509,162,174,2,3,-0.17,0.04,6,125,126,29,178,16.29,38,185,79.46,6,7,9.7,8.9,1638,9.8,1755,0.903,100.3
New York Rangers,2019,27.6,54,23,23,8,54,0.5,152,181,6,2,-0.52,0.02,6.17,109,136,32,154,20.78,41,178,76.97,5,2,9.2,7.8,1534,9.5,1757,0.898,99.7
Colorado Avalanche,2019,26.8,54,22,22,10,54,0.5,179,181,0,1,-0.02,0.02,6.67,125,130,47,197,23.86,45,189,76.19,7,5,9.7,9.8,1747,10.2,1692,0.894,99.4
Florida Panthers,2019,27.9,53,23,22,8,54,0.509,166,184,2,4,-0.3,0.04,6.6,113,143,50,185,27.03,27,147,81.63,1,10,8.4,9.1,1775,9.2,1622,0.889,97.8
Chicago Blackhawks,2019,28.3,55,22,24,9,53,0.482,177,201,1,1,-0.38,0.06,6.87,135,153,37,169,21.89,43,163,73.62,4,4,7.9,7.3,1730,10.2,1929,0.896,99.8
Arizona Coyotes,2019,26.9,55,24,26,5,53,0.482,145,161,2,1,-0.29,0.01,5.56,100,130,31,177,17.51,24,161,85.09,12,6,7.5,8.4,1704,8.4,1683,0.905,98.3
Edmonton Oilers,2019,26.9,55,24,26,5,53,0.482,159,184,3,0,-0.44,0.02,6.24,113,137,37,162,22.84,43,174,75.29,6,4,9.3,7.7,1580,9.9,1722,0.893,99.4
Los Angeles Kings,2019,29.2,55,23,27,5,51,0.464,132,165,2,1,-0.58,0.02,5.4,104,115,23,150,15.33,39,162,75.93,3,10,7.3,7.3,1571,8.3,1747,0.906,100.2
Anaheim Ducks,2019,27.1,56,21,26,9,51,0.455,127,182,3,2,-0.95,0.04,5.52,100,135,22,148,14.86,37,182,79.67,2,8,8.3,6.6,1538,8.1,1922,0.906,99.4
Detroit Red Wings,2019,29.4,55,21,27,7,49,0.445,154,181,2,5,-0.45,0.04,6.09,122,131,25,151,16.56,40,177,77.4,5,5,8.1,7.3,1613,9.4,1801,0.902,100.3
New Jersey Devils,2019,27.5,54,20,26,8,48,0.444,156,184,1,3,-0.45,0.07,6.3,117,147,32,175,18.29,28,174,83.91,6,6,8.6,9.3,1715,9,1689,0.893,98.9
Ottawa Senators,2019,27.4,55,21,29,5,47,0.427,172,201,0,0,-0.52,0.01,6.78,137,165,32,151,21.19,33,147,77.55,3,3,8.7,8.3,1638,10.5,2015,0.9,100.1
Nashville Predators,2018,28.4,82,53,18,11,117,0.713,267,211,6,7,0.71,0.03,5.83,193,145,58,274,21.17,54,299,81.94,10,5,11.3,9.6,2641,9.9,2659,0.923,101.6
Winnipeg Jets,2018,26.8,82,52,20,10,114,0.695,277,218,4,2,0.74,0.02,6.04,200,159,64,274,23.36,50,274,81.75,9,7,8.5,8.6,2643,10.3,2613,0.917,101
Tampa Bay Lightning,2018,27.5,82,54,23,5,113,0.689,296,236,6,2,0.66,-0.07,6.49,216,172,66,276,23.91,64,267,76.03,9,3,10.1,10.4,2737,10.7,2756,0.912,102
Boston Bruins,2018,28.6,82,50,20,12,112,0.683,270,214,3,3,0.62,-0.07,5.9,197,161,61,258,23.64,40,245,83.67,9,10,9.5,9.6,2703,9.9,2399,0.912,100.2
Vegas Golden Knights,2018,28,82,51,24,7,109,0.665,272,228,4,3,0.52,-0.01,6.1,218,182,53,248,21.37,44,237,81.43,8,5,7.1,7.8,2774,10.1,2619,0.911,100.5
Washington Capitals,2018,28.4,82,49,26,7,105,0.64,259,239,3,1,0.21,-0.04,6.07,197,178,55,244,22.54,53,269,80.3,4,8,9.9,9.3,2400,10.7,2637,0.909,101.4
Toronto Maple Leafs,2018,28.3,82,49,26,7,105,0.64,277,232,7,2,0.49,-0.06,6.21,213,189,56,224,25,43,231,81.39,4,5,7.4,7.1,2700,10.1,2844,0.915,101.6
Anaheim Ducks,2018,28.7,82,44,25,13,101,0.616,235,216,4,7,0.24,0.01,5.5,183,159,38,214,17.76,46,274,83.21,10,4,10,8.6,2475,9.3,2716,0.923,101.2
Minnesota Wild,2018,29.5,82,45,26,11,101,0.616,253,232,3,3,0.29,0.04,5.91,194,176,49,240,20.42,51,272,81.25,7,6,8.4,7.7,2506,10,2595,0.91,100.7
Pittsburgh Penguins,2018,27.7,82,47,29,6,100,0.61,272,250,2,2,0.23,-0.04,6.37,198,195,68,260,26.15,53,265,80,6,3,9.6,9.2,2845,9.6,2575,0.902,98.5
San Jose Sharks,2018,28.8,82,45,27,10,100,0.61,252,229,5,3,0.28,0,5.87,188,191,53,257,20.62,34,224,84.82,8,3,7.8,8.1,2744,9.1,2521,0.909,99.3
Philadelphia Flyers,2018,27.4,82,42,26,14,98,0.598,251,243,2,7,0.07,-0.03,6.02,196,176,54,261,20.69,54,223,75.78,3,10,8.7,9.3,2683,9.5,2506,0.903,100.3
Los Angeles Kings,2018,29.1,82,45,29,8,98,0.598,239,203,2,1,0.44,0,5.39,183,159,49,240,20.42,39,260,85,5,4,9,8.3,2544,9.3,2537,0.92,101
Columbus Blue Jackets,2018,26.4,82,45,30,7,97,0.591,242,230,6,4,0.11,-0.04,5.76,195,170,39,227,17.18,51,214,76.17,4,7,7,7.4,2796,8.5,2612,0.912,100.2
New Jersey Devils,2018,27.7,82,44,29,9,97,0.591,248,244,5,4,0.02,-0.03,6,178,190,54,252,21.43,47,258,81.78,12,6,8.6,8.4,2626,9.3,2654,0.908,99.7
Florida Panthers,2018,27.8,82,44,30,8,96,0.585,248,246,3,3,-0.01,-0.04,6.02,188,193,47,249,18.88,45,227,80.18,10,5,11,11.7,2822,8.7,2838,0.914,100
Colorado Avalanche,2018,26.4,82,43,30,9,95,0.579,257,237,2,1,0.28,0.04,6.02,188,183,65,296,21.96,45,269,83.27,7,13,9.2,10,2489,10.5,2809,0.914,101.3
St. Louis Blues,2018,28.5,82,44,32,6,94,0.573,226,222,3,0,0.1,0.05,5.46,180,166,38,246,15.45,47,231,79.65,5,9,7.7,8.2,2677,8.3,2438,0.909,100
Dallas Stars,2018,28.5,82,42,32,8,92,0.561,235,225,4,3,0.17,0.04,5.61,177,158,47,244,19.26,54,281,80.78,7,10,10.1,9.6,2560,9,2447,0.909,100.3
Calgary Flames,2018,28.4,82,37,35,10,84,0.512,218,248,2,5,-0.33,0.03,5.68,166,187,43,269,15.99,49,269,81.78,7,7,11.1,11.2,2759,7.8,2554,0.905,98.9
Carolina Hurricanes,2018,27,82,36,35,11,83,0.506,228,256,3,3,-0.35,-0.01,5.9,178,204,44,239,18.41,43,191,77.49,3,6,6.2,7.1,2780,8.1,2367,0.893,98.2
New York Islanders,2018,28.4,82,35,37,10,80,0.488,264,296,3,3,-0.4,-0.01,6.83,198,219,58,250,23.2,63,235,73.19,5,11,7.8,8.1,2572,10.1,2918,0.9,100.4
Edmonton Oilers,2018,26.8,82,36,40,6,78,0.476,234,263,5,1,-0.32,0.03,6.06,187,200,31,210,14.76,57,245,76.73,11,5,9.2,7.6,2740,8.4,2634,0.901,99.4
New York Rangers,2018,28.7,82,34,39,9,77,0.47,231,268,3,5,-0.46,-0.01,6.09,172,212,51,241,21.16,46,247,81.38,5,5,8,8,2538,9,2898,0.909,99.8
Chicago Blackhawks,2018,28,82,33,39,10,76,0.463,229,256,1,2,-0.26,0.07,5.91,180,198,43,269,15.99,49,236,79.24,5,7,7.5,8.9,2793,8.2,2697,0.906,99.1
Vancouver Canucks,2018,28.2,82,31,40,11,73,0.445,218,264,0,5,-0.51,0.05,5.88,158,189,53,247,21.46,60,276,78.26,7,10,8.7,8,2464,8.8,2641,0.902,99.4
Detroit Red Wings,2018,30.2,82,30,39,13,73,0.445,217,255,5,1,-0.48,-0.01,5.76,162,191,41,234,17.52,58,259,77.61,9,5,8.9,8.3,2490,8.5,2613,0.903,99.5
Montreal Canadiens,2018,27.8,82,29,40,13,71,0.433,209,264,2,6,-0.68,0,5.77,148,184,52,244,21.31,68,263,74.14,7,6,8.6,8.8,2687,7.7,2650,0.903,98.7
Arizona Coyotes,2018,26.5,82,29,41,12,70,0.427,208,256,2,5,-0.53,0.05,5.66,163,195,41,243,16.87,46,224,79.46,2,10,7.8,8.3,2450,8.4,2642,0.905,99.5
Ottawa Senators,2018,29.3,82,28,43,11,67,0.409,221,291,2,7,-0.85,0,6.24,174,222,41,248,16.53,56,235,76.17,4,6,8.1,8.4,2515,8.7,2712,0.895,98.8
Buffalo Sabres,2018,27.1,82,25,45,12,62,0.378,199,280,1,2,-0.98,0.01,5.84,140,216,49,257,19.07,52,235,77.87,9,10,8.2,8.8,2557,7.7,2681,0.896,98
Washington Capitals,2017,28.4,82,55,19,8,118,0.72,263,182,2,5,0.99,0,5.43,199,130,57,248,22.98,44,272,83.82,5,3,9.1,8.7,2495,10.5,2282,0.922,102.5
Pittsburgh Penguins,2017,28.7,82,50,21,11,111,0.677,282,234,4,5,0.59,0.01,6.29,213,170,60,260,23.08,52,257,79.77,5,7,8.6,9,2745,10.1,2671,0.914,101
Chicago Blackhawks,2017,29.4,82,50,23,9,109,0.665,244,213,4,1,0.32,-0.06,5.57,197,158,42,233,18.03,47,211,77.73,1,7,7.1,7.9,2508,9.6,2574,0.918,101.3
Columbus Blue Jackets,2017,26.2,82,50,24,8,108,0.659,249,195,2,2,0.68,0.02,5.41,195,152,42,211,19.91,39,223,82.51,10,2,8.7,8.6,2540,9.7,2489,0.922,101.2
Minnesota Wild,2017,28.3,82,49,25,8,106,0.646,266,208,3,2,0.63,-0.08,5.78,211,166,47,224,20.98,37,217,82.95,5,3,8.2,8.4,2527,10.4,2465,0.916,101.5
Anaheim Ducks,2017,27.6,82,46,23,13,105,0.64,223,200,3,3,0.24,-0.04,5.16,164,147,47,251,18.73,43,281,84.7,9,7,11.4,11.2,2425,9.1,2429,0.919,100.7
Montreal Canadiens,2017,28.8,82,47,26,9,103,0.628,226,200,3,2,0.31,-0.01,5.2,173,145,45,230,19.57,47,249,81.12,5,6,9.3,7.9,2459,9.1,2429,0.918,100.7
Edmonton Oilers,2017,26.7,82,47,26,9,103,0.628,247,212,4,5,0.37,-0.06,5.6,183,159,56,245,22.86,43,223,80.72,4,5,9,9.5,2547,9.5,2416,0.914,100.9
New York Rangers,2017,28.3,82,48,28,6,102,0.622,256,220,3,4,0.47,0.03,5.8,197,166,47,232,20.26,45,224,79.91,9,5,7.2,8.3,2438,10.4,2465,0.912,101
St. Louis Blues,2017,28,82,46,29,7,99,0.604,235,218,2,2,0.17,-0.04,5.52,180,171,50,235,21.28,40,263,84.79,3,5,9,8.4,2330,10,2327,0.907,100.7
San Jose Sharks,2017,29.6,82,46,29,7,99,0.604,221,201,2,1,0.21,-0.03,5.15,171,153,41,246,16.67,41,212,80.66,7,6,7.8,8.5,2453,8.9,2269,0.912,100.3
Ottawa Senators,2017,28.8,82,44,28,10,98,0.598,212,214,6,4,-0.01,0.01,5.2,156,157,43,254,16.93,50,247,79.76,7,3,10.3,10.5,2463,8.4,2467,0.915,99.7
Toronto Maple Leafs,2017,26.2,82,40,27,15,95,0.579,251,242,1,8,0.11,0,6.01,186,183,57,244,23.36,44,251,82.47,6,7,9.7,10,2617,9.6,2673,0.912,100.5
Boston Bruins,2017,28.8,82,44,31,7,95,0.579,234,212,2,3,0.27,0,5.44,169,165,53,244,21.72,38,266,85.71,10,6,10.1,9.8,2721,8.5,2194,0.905,98.4
Tampa Bay Lightning,2017,26.8,82,42,30,10,94,0.573,234,227,4,3,0.09,0.01,5.62,164,168,62,272,22.79,48,258,81.4,4,8,10.7,11.4,2452,9.4,2492,0.91,99.8
New York Islanders,2017,28.4,82,41,29,12,94,0.573,241,242,2,4,0.03,0.05,5.89,199,190,35,234,14.96,40,227,82.38,5,7,7.9,7.9,2480,9.6,2616,0.909,100.6
Nashville Predators,2017,27.9,82,41,29,12,94,0.573,240,224,2,4,0.16,-0.04,5.66,177,168,49,259,18.92,46,241,80.91,12,6,10.2,10.7,2557,9.3,2472,0.911,100.4
Calgary Flames,2017,28.3,82,45,33,4,94,0.573,226,221,4,2,0.02,-0.04,5.45,162,163,52,258,20.16,51,277,81.59,8,5,11.7,10.7,2388,9.3,2354,0.907,99.7
Philadelphia Flyers,2017,27.6,82,39,33,10,88,0.537,219,236,7,5,-0.17,0.04,5.55,154,172,54,277,19.49,50,247,79.76,4,9,10.3,11.1,2585,8.2,2334,0.901,98.5
Winnipeg Jets,2017,26.1,82,40,35,7,87,0.53,249,256,3,1,-0.11,-0.03,6.16,188,184,48,264,18.18,62,275,77.45,10,9,10.2,9.7,2448,10,2546,0.9,99.9
Carolina Hurricanes,2017,26.8,82,36,31,15,87,0.53,215,236,3,6,-0.21,0.05,5.5,161,192,41,231,17.75,32,202,84.16,10,6,5.8,6.6,2493,8.5,2320,0.901,98.8
Los Angeles Kings,2017,29.1,82,39,35,8,86,0.524,201,205,2,4,-0.07,-0.02,4.95,148,160,46,241,19.09,38,245,84.49,5,3,9.2,9.3,2553,7.8,2120,0.905,98.5
Florida Panthers,2017,28.6,82,35,36,11,81,0.494,210,237,5,6,-0.3,0.03,5.45,152,187,45,265,16.98,36,245,85.31,8,8,9.9,9.9,2644,7.8,2595,0.911,98.9
Dallas Stars,2017,28.5,82,34,37,11,79,0.482,223,262,1,2,-0.48,-0.01,5.91,171,184,46,257,17.9,65,249,73.9,5,11,9.9,9.8,2505,8.9,2439,0.893,99.5
Detroit Red Wings,2017,28.4,82,33,36,13,79,0.482,207,244,9,0,-0.41,0.04,5.5,157,190,38,252,15.08,45,235,80.85,3,9,8.8,9.2,2335,8.5,2507,0.903,99.6
Buffalo Sabres,2017,26.4,82,33,37,12,78,0.476,201,237,2,6,-0.41,0.03,5.34,139,174,57,233,24.46,53,237,77.64,3,4,9,8.6,2491,8,2813,0.918,99.4
Arizona Coyotes,2017,27.3,82,30,42,10,70,0.427,197,260,6,2,-0.76,0.01,5.57,145,192,38,235,16.17,59,260,77.31,8,7,9.9,8.6,2281,8.4,2797,0.908,99.8
New Jersey Devils,2017,28.1,82,28,40,14,70,0.427,183,244,3,3,-0.67,0.08,5.21,130,176,44,251,17.53,53,261,79.69,6,12,10,9.7,2279,7.9,2572,0.906,99
Vancouver Canucks,2017,28.8,82,30,43,9,69,0.421,182,243,4,2,-0.73,0.01,5.18,144,183,32,227,14.1,52,223,76.68,2,6,7.9,7.9,2273,7.8,2605,0.907,99.5
Colorado Avalanche,2017,27.6,82,22,56,4,48,0.293,166,278,1,2,-1.32,0.05,5.41,130,210,30,239,12.55,64,274,76.64,5,2,9.4,8.2,2303,7.2,2603,0.894,97.4
Washington Capitals,2016,27.9,82,56,18,8,120,0.732,252,193,4,2,0.7,-0.02,5.43,191,148,55,251,21.91,38,256,85.16,2,5,9.2,8.9,2510,2332,0.918,101.1,
Dallas Stars,2016,28.9,82,50,23,9,109,0.665,267,230,2,2,0.45,-0.01,6.06,197,169,58,262,22.14,44,248,82.26,10,15,8.8,9,2624,2371,0.904,99.8,
St. Louis Blues,2016,28,82,49,24,9,107,0.652,224,201,5,4,0.28,0,5.18,164,151,51,237,21.52,41,276,85.14,4,5,10.5,9.2,2474,2439,0.919,100.1,
Pittsburgh Penguins,2016,29,82,48,26,8,104,0.634,245,203,4,4,0.5,-0.01,5.46,182,154,48,261,18.39,40,257,84.44,11,5,8.5,8.9,2722,2436,0.918,100.5,
Anaheim Ducks,2016,27.4,82,46,25,11,103,0.628,218,192,3,4,0.27,-0.05,5,152,148,56,245,22.86,37,290,87.24,7,3,12.5,11.1,2483,2258,0.917,99.2,
Florida Panthers,2016,29.2,82,47,26,9,103,0.628,239,203,7,3,0.42,-0.02,5.39,180,140,47,278,16.91,55,268,79.48,5,5,10.4,10.4,2358,2419,0.917,101.7,
Chicago Blackhawks,2016,28.6,82,47,26,9,103,0.628,235,209,1,2,0.32,0,5.41,167,158,57,252,22.62,46,233,80.26,10,3,7.5,8.6,2498,2526,0.918,99.6,
Los Angeles Kings,2016,28.3,82,48,28,6,102,0.622,225,195,2,3,0.32,-0.04,5.12,171,136,47,235,20,53,285,81.4,5,3,10.6,9.1,2625,2254,0.915,99.8,
New York Rangers,2016,29.6,82,46,27,9,101,0.616,236,217,3,2,0.24,0.01,5.52,188,157,42,226,18.58,53,243,78.19,3,5,8.6,8.3,2336,2494,0.914,102.1,
New York Islanders,2016,27.9,82,45,27,10,100,0.61,232,216,5,5,0.19,0,5.46,178,169,43,229,18.78,36,232,84.48,7,6,8.8,9.2,2412,2495,0.915,100.6,
San Jose Sharks,2016,29.1,82,46,30,6,98,0.598,241,210,4,3,0.33,-0.05,5.5,169,154,62,275,22.55,46,236,80.51,6,7,8.9,11,2491,2245,0.908,100,
Tampa Bay Lightning,2016,27.3,82,46,31,5,97,0.591,227,201,3,3,0.3,-0.02,5.22,173,150,44,279,15.77,41,257,84.05,7,7,9.9,10.6,2402,2366,0.916,100.8,
Philadelphia Flyers,2016,28.1,82,41,27,14,96,0.585,214,218,3,8,-0.03,0.02,5.27,155,151,53,280,18.93,51,262,80.53,3,8,11.8,11.9,2540,2519,0.917,100.4,
Nashville Predators,2016,28.4,82,41,27,14,96,0.585,228,215,4,2,0.17,0.01,5.4,166,165,51,259,19.69,46,245,81.22,7,2,9.9,9.8,2507,2242,0.905,99.5,
Boston Bruins,2016,28.8,82,42,31,9,93,0.567,240,230,4,2,0.11,-0.02,5.73,179,176,48,234,20.51,48,270,82.22,9,4,11.4,10.4,2620,2490,0.908,100.1,
Detroit Red Wings,2016,28.7,82,41,30,11,93,0.567,211,224,2,5,-0.16,0,5.3,157,165,50,266,18.8,50,271,81.55,2,4,8.8,9.1,2432,2439,0.91,99.7,
Minnesota Wild,2016,28,82,38,33,11,87,0.53,216,206,3,2,0.13,0.01,5.15,158,153,48,259,18.53,45,204,77.94,7,6,6.6,8.6,2374,2347,0.913,100.6,
Carolina Hurricanes,2016,27,82,35,31,16,86,0.524,198,226,2,5,-0.31,0.03,5.17,153,184,40,238,16.81,32,204,84.31,3,5,6.9,7.7,2451,2261,0.902,98.6,
Ottawa Senators,2016,27,82,38,35,9,85,0.518,236,247,6,6,-0.13,0.01,5.89,175,177,38,239,15.9,61,253,75.89,17,3,10.9,11,2325,2688,0.91,101,
New Jersey Devils,2016,27.9,82,38,36,8,84,0.512,184,208,2,6,-0.28,0.02,4.78,126,149,51,256,19.92,45,264,82.95,5,8,9.9,9.2,2003,2349,0.914,99.6,
Montreal Canadiens,2016,28,82,38,38,6,82,0.5,221,236,5,3,-0.18,0,5.57,166,176,42,259,16.22,46,254,81.89,8,11,9.4,9.9,2504,2408,0.903,99.4,
Colorado Avalanche,2016,28.3,82,39,39,4,82,0.5,216,240,4,0,-0.26,0.03,5.56,157,180,48,266,18.05,51,258,80.23,7,9,9.4,9.4,2348,2649,0.909,100.5,
Buffalo Sabres,2016,26.2,82,35,36,11,81,0.494,201,222,2,7,-0.25,0.01,5.16,145,171,48,254,18.9,38,218,82.57,6,6,9.1,10.2,2418,2511,0.914,99.2,
Arizona Coyotes,2016,27.6,82,35,39,8,78,0.476,209,245,1,1,-0.43,0.01,5.54,151,161,53,300,17.67,69,304,77.3,4,14,12.3,11.5,2265,2539,0.904,100.6,
Winnipeg Jets,2016,26.8,82,35,39,8,78,0.476,215,239,3,3,-0.26,0.03,5.54,164,171,38,257,14.79,61,282,78.37,10,4,11.2,10.4,2427,2423,0.903,99.7,
Calgary Flames,2016,27.7,82,35,40,7,77,0.47,231,260,2,3,-0.36,-0.01,5.99,173,193,46,270,17.04,57,234,75.64,10,7,9.2,9.5,2398,2377,0.892,99.4,
Columbus Blue Jackets,2016,26.5,82,34,40,8,76,0.463,219,252,6,4,-0.38,0.03,5.74,167,187,43,248,17.34,53,279,81,3,8,12.1,10.7,2387,2550,0.903,99.8,
Vancouver Canucks,2016,28.9,82,31,38,13,75,0.457,191,243,5,4,-0.62,0.02,5.29,143,184,39,247,15.79,47,249,81.12,4,8,10,10,2311,2668,0.91,99.4,
Edmonton Oilers,2016,26.4,82,31,43,8,70,0.427,203,245,4,3,-0.51,0,5.46,151,188,43,237,18.14,49,254,80.71,5,6,9.7,9.2,2386,2548,0.905,98.8,
Toronto Maple Leafs,2016,27.4,82,29,42,11,69,0.421,198,246,6,6,-0.56,0.03,5.41,149,182,40,259,15.44,50,272,81.62,3,8,9.2,9,2515,2503,0.904,98.4,
New York Rangers,2015,29.4,82,53,22,7,113,0.689,252,192,4,5,0.69,-0.04,5.41,200,144,39,232,16.81,37,235,84.26,9,6,8.7,8.2,2582,9.6,2418,0.923,101.7
Montreal Canadiens,2015,28.4,82,50,22,10,110,0.671,221,189,7,5,0.36,-0.03,5,167,138,40,242,16.53,42,257,83.66,7,4,10.2,9.3,2334,9.2,2470,0.926,101.3
St. Louis Blues,2015,28.3,82,51,24,7,109,0.665,248,201,9,4,0.59,0.02,5.48,181,150,56,251,22.31,42,257,83.66,2,5,11,10.6,2535,9.4,2233,0.912,100.3
Anaheim Ducks,2015,27,82,51,24,7,109,0.665,236,226,8,5,0.1,-0.03,5.63,182,163,37,236,15.68,52,274,81.02,9,6,10.8,9.8,2458,9.3,2367,0.907,100.2
Tampa Bay Lightning,2015,26.9,82,50,24,8,108,0.659,262,211,3,5,0.57,-0.06,5.77,199,158,53,282,18.79,42,257,83.66,7,6,9.9,10.5,2428,10.7,2287,0.91,100.8
Nashville Predators,2015,28.4,82,47,25,10,104,0.634,232,208,6,6,0.33,0.03,5.37,180,152,42,259,16.22,45,234,80.77,4,5,8.5,9.3,2614,8.6,2317,0.913,101
Chicago Blackhawks,2015,29.3,82,48,28,6,102,0.622,229,189,9,3,0.51,0.02,5.1,171,144,46,260,17.69,35,211,83.41,3,7,7.3,8.8,2777,7.9,2477,0.925,100.3
Vancouver Canucks,2015,29.4,82,48,29,5,101,0.616,242,222,6,2,0.2,-0.05,5.66,184,180,46,238,19.33,38,266,85.71,6,2,10.9,9.8,2453,9.6,2446,0.91,99.5
New York Islanders,2015,27.3,82,47,28,7,101,0.616,252,230,7,6,0.26,-0.01,5.88,185,173,50,267,18.73,48,217,77.88,10,3,8.5,9.4,2771,8.8,2321,0.903,99.4
Washington Capitals,2015,28.1,82,45,26,11,101,0.616,242,203,5,4,0.44,-0.03,5.43,173,145,60,237,25.32,50,266,81.2,4,4,10.5,10.4,2419,9.8,2368,0.916,100.3
Detroit Red Wings,2015,28.9,82,43,25,14,100,0.61,235,221,4,10,0.14,-0.03,5.56,158,148,70,294,23.81,55,288,80.9,3,8,8.8,9.7,2429,9.5,2322,0.909,100
Minnesota Wild,2015,27.7,82,46,28,8,100,0.61,231,201,4,3,0.39,0.03,5.27,184,163,39,246,15.85,32,234,86.32,4,3,8.9,9.7,2522,9,2265,0.913,100.2
Winnipeg Jets,2015,27.3,82,43,26,13,99,0.604,230,210,7,6,0.29,0.04,5.37,165,143,48,269,17.84,56,308,81.82,10,5,13,11.6,2439,9.1,2350,0.913,100.8
Ottawa Senators,2015,26.9,82,43,26,13,99,0.604,238,215,6,7,0.25,-0.04,5.52,179,156,47,280,16.79,44,257,82.88,6,8,10.3,11.1,2539,9.1,2635,0.921,101
Pittsburgh Penguins,2015,29.5,82,43,27,12,98,0.598,221,210,4,6,0.12,-0.01,5.26,162,151,49,254,19.29,42,277,84.84,6,11,13.7,12.1,2594,8.4,2401,0.915,100
Calgary Flames,2015,28.2,82,45,30,7,97,0.591,241,216,4,3,0.26,-0.05,5.57,183,174,48,255,18.82,36,186,80.65,6,3,7.6,9,2252,10.5,2391,0.911,100.8
Boston Bruins,2015,28.3,82,41,27,14,96,0.585,213,211,4,10,0.01,-0.01,5.17,163,154,38,213,17.84,44,244,81.97,8,3,9.5,8.5,2546,8.2,2449,0.918,100.1
Los Angeles Kings,2015,28.5,82,40,27,15,95,0.579,220,205,2,8,0.16,-0.03,5.18,164,150,47,247,19.03,45,236,80.93,7,2,9.1,9.1,2536,8.6,2214,0.911,100.2
Dallas Stars,2015,28.5,82,41,31,10,92,0.561,261,260,4,3,0.06,0.05,6.35,193,201,55,290,18.97,49,254,80.71,9,7,9.6,11,2558,10,2454,0.895,99.8
Florida Panthers,2015,29.2,82,38,29,15,91,0.555,206,223,8,10,-0.23,-0.02,5.23,157,157,40,246,16.26,50,250,80,1,6,8.9,9,2516,7.9,2424,0.912,99.6
Colorado Avalanche,2015,28.6,82,39,31,12,90,0.549,219,227,10,4,-0.04,0.06,5.44,168,184,37,247,14.98,37,241,84.65,4,2,9.4,9.6,2286,9.1,2719,0.918,101.1
San Jose Sharks,2015,28.5,82,40,33,9,89,0.543,228,232,4,6,-0.08,-0.03,5.61,165,173,55,254,21.65,48,223,78.48,4,5,9.3,10.4,2591,8.6,2436,0.907,99.2
Columbus Blue Jackets,2015,27,82,42,35,5,89,0.543,236,250,9,2,-0.16,0.01,5.93,169,183,53,244,21.72,60,303,80.2,5,5,11.9,11,2366,9.6,2742,0.91,99.8
Philadelphia Flyers,2015,28.6,82,33,31,18,84,0.512,215,234,3,11,-0.23,0,5.48,149,156,60,256,23.44,61,266,77.07,3,6,10.2,9.2,2413,8.8,2481,0.91,100.4
New Jersey Devils,2015,30.5,82,32,36,14,78,0.476,181,216,5,7,-0.4,0.02,4.84,128,149,41,212,19.34,52,268,80.6,7,8,9.3,7.7,2008,8.8,2518,0.917,100.7
Carolina Hurricanes,2015,27.9,82,30,41,11,71,0.433,188,226,5,7,-0.44,0.02,5.05,136,186,45,240,18.75,29,190,84.74,2,4,6.7,8.2,2524,7.3,2236,0.902,97.6
Toronto Maple Leafs,2015,27.7,82,30,44,8,68,0.415,211,262,5,5,-0.61,0.02,5.77,154,193,45,283,15.9,52,266,80.45,7,12,10,10.7,2397,8.6,2748,0.906,99.4
Edmonton Oilers,2015,27.2,82,24,44,14,62,0.378,198,283,5,7,-1.01,0.03,5.87,148,218,41,232,17.67,51,219,76.71,4,7,8.3,8.7,2331,8.3,2464,0.888,97.6
Arizona Coyotes,2015,28.5,82,24,50,8,56,0.341,170,272,5,5,-1.2,0.04,5.39,115,195,46,230,20,65,279,76.7,4,7,9.5,8.4,2393,6.9,2722,0.902,97.5
Buffalo Sabres,2015,26.9,82,23,51,8,54,0.329,161,274,8,5,-1.33,0.05,5.3,116,197,30,224,13.39,64,257,75.1,7,8,10.4,9.6,1984,7.7,2920,0.908,99.5
Boston Bruins,2014,27.6,82,54,19,9,117,0.713,261,177,3,6,0.92,-0.11,5.34,199,122,50,230,21.74,43,263,83.65,9,6,10.8,10.1,2612,9.9,2385,0.928,102.1
Anaheim Ducks,2014,27.7,82,54,20,8,116,0.707,266,209,3,6,0.68,-0.01,5.79,209,147,44,275,16,48,270,82.22,10,8,10.9,12.6,2569,10.2,2353,0.914,102
Colorado Avalanche,2014,26.9,82,52,22,8,112,0.683,250,220,5,4,0.4,0.04,5.73,192,167,50,252,19.84,48,249,80.72,3,1,10.9,10.5,2420,10.1,2678,0.919,101.5
San Jose Sharks,2014,28.7,82,51,22,9,111,0.677,249,200,10,7,0.6,0,5.48,181,154,50,291,17.18,33,219,84.93,8,6,9,11.2,2851,8.4,2281,0.915,99.7
St. Louis Blues,2014,27.4,82,52,23,7,111,0.677,248,191,9,3,0.71,0.01,5.35,177,140,56,283,19.79,42,293,85.67,6,6,14.2,14.2,2402,10,2163,0.913,100.6
Pittsburgh Penguins,2014,28.3,82,51,24,7,109,0.665,249,207,7,3,0.47,-0.04,5.56,173,160,65,278,23.38,38,254,85.04,4,6,10.1,10.9,2454,9.9,2358,0.913,100.1
Chicago Blackhawks,2014,27.5,82,46,21,15,107,0.652,267,220,6,8,0.6,0.02,5.94,202,160,50,257,19.46,46,248,81.45,9,6,8.5,8.7,2715,9.6,2229,0.905,99.9
Tampa Bay Lightning,2014,27.1,82,46,27,9,101,0.616,240,215,8,6,0.25,-0.06,5.55,172,149,50,270,18.52,52,270,80.74,10,8,10.3,10.2,2446,9.5,2397,0.913,100.5
Montreal Canadiens,2014,28.3,82,46,28,8,100,0.61,215,204,6,3,0.08,-0.05,5.11,155,150,48,279,17.2,43,289,85.12,6,8,13,12.8,2330,9,2541,0.921,100.5
Los Angeles Kings,2014,27.4,82,46,28,8,100,0.61,206,174,8,6,0.4,0.01,4.63,150,112,43,284,15.14,50,296,83.11,5,6,10.7,11.1,2595,7.6,2148,0.922,100.1
Minnesota Wild,2014,27.2,82,43,27,12,98,0.598,207,206,8,8,0.07,0.05,5.04,150,137,45,252,17.86,53,250,78.8,4,8,9.5,9.9,2180,9.1,2273,0.913,101
New York Rangers,2014,27.4,82,45,31,6,96,0.585,218,193,4,3,0.26,-0.04,5.01,156,149,48,264,18.18,34,232,85.34,10,7,10,10.4,2719,7.9,2412,0.921,99.8
Philadelphia Flyers,2014,27.7,82,42,30,10,94,0.573,236,235,3,8,-0.01,-0.02,5.74,167,168,58,294,19.73,48,316,84.81,8,11,14.4,13.4,2490,9.4,2508,0.909,100.2
Detroit Red Wings,2014,28.6,82,39,28,15,93,0.567,222,230,5,9,-0.14,-0.04,5.51,164,166,50,282,17.73,50,295,83.05,3,5,8.8,8.6,2456,8.8,2400,0.908,100.2
Columbus Blue Jackets,2014,26.1,82,43,32,7,93,0.567,231,216,5,2,0.16,-0.03,5.45,163,156,54,280,19.29,50,280,82.14,9,8,11.1,11,2431,9.3,2524,0.915,100.7
Dallas Stars,2014,28.2,82,40,31,11,91,0.555,235,228,4,5,0.14,0.05,5.65,177,169,46,290,15.86,49,263,81.37,8,5,11,11.6,2597,8.9,2492,0.911,100.3
Washington Capitals,2014,26.5,82,38,30,14,90,0.549,235,240,10,11,-0.08,-0.02,5.79,152,168,68,291,23.37,51,284,82.04,5,10,11.7,12.4,2412,9.3,2750,0.917,100.2
Phoenix Coyotes,2014,28.7,82,37,30,15,89,0.543,216,231,6,7,-0.16,0.03,5.45,150,162,56,282,19.86,57,272,79.04,3,5,9.9,9.9,2497,8.4,2540,0.912,100.2
Nashville Predators,2014,26.7,82,38,32,12,88,0.537,216,242,2,9,-0.25,0.07,5.59,166,186,46,239,19.25,47,238,80.25,2,0,9.9,9.4,2382,9,2370,0.902,99.2
New Jersey Devils,2014,30.6,82,35,29,18,88,0.537,197,208,0,13,-0.15,-0.02,4.94,141,155,47,241,19.5,36,264,86.36,9,4,8,8.2,2199,9,2089,0.907,98.8
Ottawa Senators,2014,26.6,82,37,31,14,88,0.537,236,265,7,7,-0.37,-0.02,6.11,174,186,50,271,18.45,61,320,80.94,5,10,13.3,12,2691,8.5,2849,0.909,99.6
Winnipeg Jets,2014,26.3,82,37,35,10,84,0.512,227,237,8,6,-0.07,0.06,5.66,174,176,40,259,15.44,49,291,83.16,5,6,11.9,10.6,2516,8.7,2472,0.907,99.4
Toronto Maple Leafs,2014,26.2,82,38,36,8,84,0.512,231,256,9,4,-0.34,-0.04,5.94,165,182,50,252,19.84,58,268,78.36,7,12,12.7,11.8,2290,9.7,2945,0.914,101
Carolina Hurricanes,2014,27,82,36,35,11,83,0.506,207,230,2,4,-0.29,-0.01,5.33,153,174,41,281,14.59,44,241,81.74,11,8,7.9,9,2561,8,2537,0.911,99.4
Vancouver Canucks,2014,28.6,82,36,35,11,83,0.506,196,223,5,7,-0.3,0.03,5.11,146,166,39,257,15.18,46,274,83.21,6,4,13.6,12.1,2527,7.6,2327,0.907,99.4
New York Islanders,2014,26.2,82,34,37,11,79,0.482,225,267,9,6,-0.51,0,6,159,196,49,276,17.75,58,265,78.11,8,7,12.4,11.5,2537,8.5,2464,0.894,98.6
Calgary Flames,2014,26.7,82,35,40,7,77,0.47,209,241,7,3,-0.35,0.04,5.49,151,188,39,249,15.66,43,235,81.7,12,7,10.5,10.6,2199,9.2,2345,0.899,98.9
Edmonton Oilers,2014,26.5,82,29,44,9,67,0.409,203,270,4,3,-0.75,0.07,5.77,149,204,46,271,16.97,50,280,82.14,4,13,11.8,12,2208,9,2696,0.901,99.2
Florida Panthers,2014,29,82,29,45,8,66,0.402,196,268,8,6,-0.87,0.01,5.66,153,193,27,269,10.04,63,262,75.95,8,6,10.3,10.9,2451,7.7,2551,0.897,98.5
Buffalo Sabres,2014,26.6,82,21,51,10,52,0.317,157,248,7,5,-1.09,0.02,4.94,109,187,36,256,14.06,51,274,81.39,5,5,11,10.4,2156,7,2816,0.914,98.4
Chicago Blackhawks,2013,26.8,48,36,7,5,77,0.802,155,102,6,5,1.04,-0.07,5.35,119,74,25,150,16.67,18,141,87.23,5,5,9.2,10,1494,10,1258,0.923,101.7
Pittsburgh Penguins,2013,29,48,36,12,0,72,0.75,165,119,3,0,0.91,-0.05,5.92,118,82,42,170,24.71,34,167,79.64,2,3,11.7,12.1,1438,11.3,1403,0.915,102.5
Anaheim Ducks,2013,28.8,48,30,12,6,66,0.688,140,118,6,3,0.43,-0.02,5.38,100,80,29,135,21.48,30,162,81.48,5,5,11.1,9.5,1347,9.9,1340,0.914,101.5
Montreal Canadiens,2013,27.8,48,29,14,5,63,0.656,149,126,3,2,0.46,-0.02,5.73,104,87,42,203,20.69,35,173,79.77,0,2,13.3,14.9,1468,9.9,1293,0.904,100.9
Boston Bruins,2013,27.8,48,28,14,6,62,0.646,131,109,4,3,0.44,-0.02,5,104,83,18,122,14.75,21,163,87.12,5,2,12.2,9.8,1557,8.2,1373,0.923,100.5
St. Louis Blues,2013,26.3,48,29,17,2,60,0.625,129,115,5,1,0.31,0.02,5.08,92,86,29,149,19.46,23,150,84.67,3,5,11.1,11.3,1336,9.3,1161,0.902,99.4
Los Angeles Kings,2013,26.5,48,27,16,5,59,0.615,133,118,2,4,0.29,-0.02,5.23,96,86,33,166,19.88,27,161,83.23,2,1,10,10.6,1431,9.2,1198,0.905,99.2
Vancouver Canucks,2013,28.2,48,26,15,7,59,0.615,127,121,5,6,0.07,-0.06,5.17,94,85,26,165,15.76,27,169,84.02,2,3,12.7,13.1,1350,9,1389,0.917,100.4
Toronto Maple Leafs,2013,26,48,26,17,5,57,0.594,145,133,0,5,0.27,0.02,5.79,113,105,31,166,18.67,19,157,87.9,1,4,16.2,15.2,1264,11.5,1549,0.917,102.5
Washington Capitals,2013,26.6,48,27,18,3,57,0.594,149,130,3,0,0.31,-0.09,5.81,99,90,44,164,26.83,36,163,77.91,3,4,10.8,11.5,1350,10.8,1551,0.916,101.2
San Jose Sharks,2013,28.9,48,25,16,7,57,0.594,124,116,8,4,0.17,0.01,5,79,86,34,169,20.12,22,147,85.03,3,4,10.9,11.2,1526,7.6,1390,0.919,99.7
Ottawa Senators,2013,27.4,48,25,17,6,56,0.583,116,104,4,4,0.27,0.02,4.58,85,79,25,157,15.92,20,167,88.02,2,1,13.6,13.8,1591,7,1502,0.933,99.6
Detroit Red Wings,2013,28.2,48,24,16,8,56,0.583,124,115,2,5,0.2,0.01,4.98,85,75,34,185,18.38,30,164,81.71,3,5,9.8,11.5,1447,8.4,1322,0.917,100.2
New York Rangers,2013,27.2,48,26,18,4,56,0.583,130,112,4,4,0.38,0,5.04,97,76,24,153,15.69,28,148,81.08,5,4,9.3,10.1,1483,8.5,1353,0.92,100.8
Columbus Blue Jackets,2013,26.3,48,24,17,7,55,0.573,120,119,5,4,0.03,0.01,4.98,90,88,22,155,14.19,25,144,82.64,3,2,12.6,12.8,1283,9,1436,0.92,101.2
Minnesota Wild,2013,27.8,48,26,19,3,55,0.573,122,127,4,2,-0.16,-0.05,5.19,90,99,27,151,17.88,26,135,80.74,1,0,11.4,11.8,1382,8.5,1299,0.904,98.9
New York Islanders,2013,28.7,48,24,17,7,55,0.573,139,139,4,3,0.03,0.03,5.79,102,108,31,156,19.87,28,142,80.28,2,0,9.6,10.3,1485,9.1,1352,0.899,99.1
Phoenix Coyotes,2013,28.4,48,21,18,9,51,0.531,125,131,4,6,-0.1,0.03,5.33,94,89,25,169,14.79,34,169,79.88,2,2,10.5,10.1,1482,8.2,1467,0.915,100.2
Winnipeg Jets,2013,26.4,48,24,21,3,51,0.531,128,144,2,3,-0.36,-0.03,5.67,105,110,20,145,13.79,28,138,79.71,1,3,11.1,10.5,1389,9.1,1424,0.901,99.6
Philadelphia Flyers,2013,27.9,48,23,22,3,49,0.51,133,141,1,2,-0.14,0.03,5.71,93,110,37,171,21.64,26,184,85.87,2,3,15.7,15.6,1394,9.5,1371,0.899,99.1
Buffalo Sabres,2013,27.3,48,21,21,6,48,0.5,125,143,7,4,-0.31,0.07,5.58,88,95,23,163,14.11,37,178,79.21,7,7,13.1,12.4,1339,8.8,1606,0.913,100.5
New Jersey Devils,2013,30.8,48,19,19,10,48,0.5,112,129,2,7,-0.31,0.04,5.02,71,84,28,176,15.91,32,169,81.07,11,6,10.6,11.5,1362,8,1110,0.89,97.8
Dallas Stars,2013,28.2,48,22,22,4,48,0.5,130,142,2,1,-0.21,0.05,5.67,97,104,29,171,16.96,34,179,81.01,2,3,13,13,1261,10.2,1489,0.905,101.1
Edmonton Oilers,2013,26.4,48,19,22,7,45,0.469,125,134,2,3,-0.22,-0.03,5.4,85,101,34,169,20.12,29,175,83.43,4,1,10.8,11.4,1285,9.6,1572,0.917,100.6
Calgary Flames,2013,29,48,19,25,4,42,0.438,128,160,0,3,-0.65,0.02,6,91,127,31,155,20,28,151,81.46,6,2,10.8,9.9,1293,9.9,1412,0.889,97.9
Carolina Hurricanes,2013,26.9,48,19,25,4,42,0.438,128,160,1,1,-0.65,0.02,6,100,119,24,165,14.55,36,161,77.64,3,4,11.2,10.6,1545,8.2,1546,0.898,98.7
Nashville Predators,2013,27.3,48,16,23,9,41,0.427,111,139,2,6,-0.5,0.09,5.21,84,95,24,140,17.14,34,139,75.54,1,4,9.8,10.1,1244,8.8,1335,0.9,99.7
Tampa Bay Lightning,2013,27.7,48,18,26,4,40,0.417,148,150,1,3,-0.11,-0.07,6.21,116,113,31,163,19.02,30,155,80.65,0,4,12,13,1323,11.1,1451,0.899,101
Colorado Avalanche,2013,26.7,48,16,25,7,39,0.406,116,152,2,2,-0.73,0.02,5.58,90,111,21,140,15,36,183,80.33,3,3,12.5,9.8,1415,8.1,1508,0.901,98.6
Florida Panthers,2013,27.8,48,15,27,6,36,0.375,112,171,3,1,-1.18,0.05,5.9,76,130,29,142,20.42,39,151,74.17,4,1,11.3,10.3,1400,7.8,1504,0.887,96.6
Vancouver Canucks,2012,28.5,82,51,22,9,111,0.677,249,198,8,7,0.57,-0.05,5.45,177,147,57,288,19.79,40,286,86.01,7,4,12.8,12.4,2583,9.3,2526,0.924,101.2
New York Rangers,2012,26.5,82,51,24,7,109,0.665,226,187,4,5,0.46,-0.02,5.04,170,142,44,280,15.71,36,260,86.15,8,4,12.9,14.5,2338,9.5,2281,0.92,100.9
St. Louis Blues,2012,26.5,82,49,22,11,109,0.665,210,165,4,10,0.54,-0.01,4.57,154,112,45,269,16.73,40,282,85.82,7,3,13,12.1,2511,8.2,2190,0.929,100.7
Pittsburgh Penguins,2012,28.5,82,51,25,6,108,0.659,282,221,9,3,0.71,-0.03,6.13,205,175,57,289,19.72,33,270,87.78,11,10,10.7,12.3,2779,9.8,2247,0.903,99.8
Nashville Predators,2012,26.8,82,48,26,8,104,0.634,237,210,5,5,0.34,0.01,5.45,173,161,54,250,21.6,40,244,83.61,5,4,8.4,8.3,2261,10.3,2522,0.919,101
Philadelphia Flyers,2012,27.3,82,47,26,9,103,0.628,264,232,4,7,0.39,0,6.05,188,158,66,335,19.7,58,319,81.82,6,9,16.1,16.4,2641,9.8,2329,0.903,100.4
Detroit Red Wings,2012,30,82,48,28,6,102,0.622,248,203,9,3,0.55,0,5.5,189,139,48,298,16.11,50,274,81.75,2,11,8.5,10.4,2638,9.1,2212,0.91,101.2
New Jersey Devils,2012,30.1,82,48,28,6,102,0.622,228,209,12,4,0.23,0,5.33,155,165,46,267,17.23,27,259,89.58,15,13,11.5,10.7,2253,9.6,2199,0.907,99.7
Boston Bruins,2012,28.8,82,49,29,4,102,0.622,269,202,9,3,0.75,-0.07,5.74,209,155,43,250,17.2,43,260,83.46,8,1,13.5,11.9,2653,9.8,2441,0.918,101.2
Chicago Blackhawks,2012,27,82,45,26,11,101,0.616,248,238,7,7,0.14,0.02,5.93,192,177,42,277,15.16,51,233,78.11,7,3,10.3,11.3,2583,9.3,2343,0.901,99.2
Phoenix Coyotes,2012,28.9,82,42,27,13,97,0.591,216,204,6,10,0.16,0.01,5.12,170,152,34,251,13.55,36,249,85.54,6,6,9.2,9.6,2428,8.6,2592,0.925,100.9
San Jose Sharks,2012,28.1,82,43,29,10,96,0.585,228,210,9,5,0.22,0,5.34,159,149,57,270,21.11,52,225,76.89,3,4,9.6,11.2,2773,7.9,2342,0.912,99.6
Los Angeles Kings,2012,26.7,82,40,27,15,95,0.579,194,179,6,9,0.19,0.01,4.55,130,130,49,289,16.96,38,293,87.03,9,2,11.3,11.1,2509,7.5,2248,0.924,99.1
Florida Panthers,2012,29,82,38,26,18,94,0.573,203,227,6,11,-0.33,-0.03,5.24,140,161,53,286,18.53,49,239,79.5,4,6,9.7,10.9,2433,8.1,2505,0.914,99.4
Ottawa Senators,2012,27.8,82,41,31,10,92,0.561,249,240,6,4,0.09,-0.02,5.96,185,172,49,270,18.15,57,310,81.61,9,7,14,12.2,2574,9.4,2627,0.91,100.1
Washington Capitals,2012,27.6,82,42,32,8,92,0.561,222,230,4,4,-0.13,-0.03,5.51,174,167,41,245,16.73,49,266,81.58,3,10,9.4,8.3,2295,9.5,2475,0.909,100.4
Calgary Flames,2012,29.6,82,37,29,16,90,0.549,202,226,3,9,-0.28,0.01,5.22,150,169,46,260,17.69,42,268,84.33,3,6,10.8,10.5,2258,8.8,2528,0.914,100.3
Dallas Stars,2012,28.4,82,42,35,5,89,0.543,211,222,7,4,-0.1,0.03,5.28,166,163,33,244,13.52,52,303,82.84,5,3,12.6,10.9,2314,8.8,2527,0.914,99.8
Buffalo Sabres,2012,27,82,39,32,11,89,0.543,218,230,7,7,-0.15,0,5.46,162,169,44,258,17.05,47,257,81.71,5,7,11,12,2397,8.8,2571,0.913,100.6
Colorado Avalanche,2012,25.9,82,41,35,6,88,0.537,208,220,9,2,-0.13,0.01,5.22,153,167,41,223,18.39,47,277,83.03,5,4,11,9.5,2583,7.7,2426,0.91,99.2
Tampa Bay Lightning,2012,29.5,82,38,36,8,84,0.512,235,281,3,3,-0.57,-0.01,6.29,189,207,41,269,15.24,59,284,79.23,2,12,10.5,10.2,2227,10.4,2501,0.889,100.1
Winnipeg Jets,2012,26.2,82,37,35,10,84,0.512,225,246,4,4,-0.3,-0.04,5.74,173,176,45,251,17.93,58,292,80.14,3,8,11,9.7,2471,8.9,2470,0.902,99.8
Carolina Hurricanes,2012,26.5,82,33,33,16,82,0.5,213,243,1,6,-0.39,-0.02,5.56,150,184,49,294,16.67,49,252,80.56,12,4,9.3,10.9,2497,8.5,2653,0.911,99.5
Minnesota Wild,2012,27.4,82,35,36,11,81,0.494,177,226,11,9,-0.58,0.02,4.91,122,162,39,258,15.12,51,285,82.11,5,4,12.1,12.3,2174,7.6,2570,0.916,98.9
Anaheim Ducks,2012,28.5,82,34,36,12,80,0.488,204,231,3,7,-0.29,0.04,5.3,152,168,45,271,16.61,51,283,81.98,4,5,12,11.2,2291,8.8,2367,0.905,99.6
Toronto Maple Leafs,2012,25.9,82,35,37,10,80,0.488,231,264,4,5,-0.38,0.02,6.04,173,198,49,267,18.35,55,242,77.27,5,6,10,10.4,2322,9.8,2528,0.898,99.5
New York Islanders,2012,27.8,82,34,37,11,79,0.482,203,255,7,4,-0.58,0.05,5.59,147,200,45,243,18.52,46,236,80.51,4,5,9.3,9,2410,8.1,2469,0.898,98.2
Montreal Canadiens,2012,26.8,82,31,35,16,78,0.476,212,226,5,12,-0.17,0,5.34,154,170,43,301,14.29,36,315,88.57,10,8,11.6,11.9,2340,8.8,2432,0.912,100.4
Edmonton Oilers,2012,27.4,82,32,40,10,74,0.451,212,239,5,7,-0.32,0.01,5.5,148,172,54,262,20.61,52,296,82.43,5,8,11.5,10,2186,9.5,2518,0.908,100.1
Columbus Blue Jackets,2012,26.7,82,29,46,7,65,0.396,202,262,4,5,-0.65,0.08,5.66,142,185,49,317,15.46,64,274,76.64,7,8,12.6,14.1,2454,8.1,2537,0.899,99.2
Vancouver Canucks,2011,28.1,82,54,19,9,117,0.713,262,185,4,5,0.87,-0.07,5.45,180,133,72,296,24.32,45,312,85.58,6,2,11.5,11.2,2624,9.8,2470,0.927,101.3
Washington Capitals,2011,25.9,82,48,23,11,107,0.652,224,197,5,6,0.27,-0.06,5.13,166,143,46,263,17.49,43,299,85.62,7,5,11.3,10.6,2566,8.5,2375,0.92,100.2
Philadelphia Flyers,2011,27.6,82,47,23,12,106,0.646,259,223,3,7,0.4,-0.04,5.88,194,157,49,295,16.61,54,313,82.75,13,5,13.6,13.4,2605,9.8,2471,0.913,101.1
Pittsburgh Penguins,2011,27.4,82,49,25,8,106,0.646,238,199,10,3,0.43,-0.05,5.33,166,145,49,311,15.76,45,324,86.11,13,6,16.9,16.5,2581,8.8,2352,0.917,100.1
San Jose Sharks,2011,27.9,82,48,25,9,105,0.64,248,213,5,5,0.44,0.02,5.62,169,145,68,290,23.45,56,273,79.49,6,7,11.3,12,2832,8.6,2368,0.912,100.2
Detroit Red Wings,2011,30.7,82,47,25,10,104,0.634,261,241,4,4,0.27,0.03,6.12,185,177,67,301,22.26,53,300,82.33,5,7,9.2,9.5,2757,9.3,2514,0.906,99.6
Tampa Bay Lightning,2011,29,82,46,25,11,103,0.628,247,240,6,6,0.04,-0.05,5.94,171,169,69,336,20.54,49,302,83.77,1,16,11,11.6,2605,9.3,2354,0.901,99.2
Boston Bruins,2011,28.3,82,46,25,11,103,0.628,246,195,2,6,0.56,-0.07,5.38,190,138,43,266,16.17,46,265,82.64,11,5,13.6,13.8,2696,9.1,2682,0.93,102.1
Phoenix Coyotes,2011,29,82,43,26,13,99,0.604,231,226,5,6,0.11,0.05,5.57,175,150,46,289,15.92,64,296,78.38,5,6,10.5,10.1,2486,9.1,2673,0.918,101.1
Nashville Predators,2011,26.7,82,44,27,11,99,0.604,219,194,6,4,0.31,0.01,5.04,167,147,41,269,15.24,41,272,84.93,5,2,8.8,8.5,2361,9,2510,0.924,101.5
Anaheim Ducks,2011,28.9,82,47,30,5,99,0.604,239,235,4,2,0.09,0.05,5.78,161,169,67,285,23.51,57,305,81.31,7,7,14.4,13.4,2334,10.1,2648,0.912,100.1
Los Angeles Kings,2011,26.3,82,46,30,6,98,0.598,219,198,10,2,0.29,0.03,5.09,158,150,47,291,16.15,40,276,85.51,4,6,11.7,11.8,2363,8.8,2288,0.914,100.4
Chicago Blackhawks,2011,26.7,82,44,29,9,97,0.591,258,225,6,5,0.41,0.01,5.89,182,163,64,277,23.1,53,255,79.22,6,4,9,9.5,2637,9.6,2354,0.907,100
Montreal Canadiens,2011,27.6,82,44,30,8,96,0.585,216,209,3,3,0.05,-0.04,5.18,151,149,57,290,19.66,51,327,84.4,5,6,13.3,12.9,2602,8.2,2537,0.919,99.7
Buffalo Sabres,2011,27.5,82,43,29,10,96,0.585,245,229,5,1,0.15,-0.04,5.78,184,164,54,279,19.35,51,300,83,2,13,11.7,11.4,2690,8.9,2514,0.909,100.2
Dallas Stars,2011,28,82,42,29,11,95,0.579,227,233,5,7,-0.02,0.05,5.61,157,156,55,306,17.97,55,277,80.14,10,15,13,13.8,2269,9.8,2504,0.91,101
Calgary Flames,2011,30,82,41,29,12,94,0.573,250,237,9,7,0.14,-0.02,5.94,172,168,62,318,19.5,53,282,81.21,7,9,10.2,11.2,2501,9.6,2338,0.902,100.1
New York Rangers,2011,26.2,82,44,33,5,93,0.567,233,198,9,3,0.37,-0.06,5.26,164,148,49,290,16.9,42,257,83.66,11,5,13.1,14.6,2453,9.1,2410,0.919,100.6
Carolina Hurricanes,2011,26.6,82,40,31,11,91,0.555,236,239,5,5,-0.08,-0.04,5.79,169,177,55,346,15.9,51,272,81.25,7,6,10.2,12.8,2517,9.2,2725,0.914,100.4
St. Louis Blues,2011,25.7,82,38,33,11,87,0.53,240,234,4,6,0.11,0.04,5.78,177,176,52,279,18.64,51,279,81.72,7,1,14.9,15.5,2475,9.5,2274,0.9,99.5
Minnesota Wild,2011,28.9,82,39,35,8,86,0.524,206,233,3,5,-0.3,0.03,5.35,143,168,53,292,18.15,53,309,82.85,7,7,12,12.1,2148,9.5,2625,0.913,100.3
Toronto Maple Leafs,2011,25.7,82,37,34,11,85,0.518,218,251,5,6,-0.41,0,5.72,156,175,52,326,15.95,62,275,77.45,5,8,12,13.7,2360,9,2540,0.904,100.5
New Jersey Devils,2011,29.9,82,38,39,5,81,0.494,174,209,3,2,-0.41,0.02,4.67,134,159,34,237,14.35,40,241,83.4,3,8,9.3,9.6,2344,7.3,2152,0.904,98.1
Columbus Blue Jackets,2011,26.8,82,34,35,13,81,0.494,215,258,5,8,-0.45,0.08,5.77,162,177,42,301,13.95,62,314,80.25,6,11,13.6,13.8,2506,8.4,2447,0.898,98.9
Atlanta Thrashers,2011,26.1,82,34,36,12,80,0.488,223,269,5,7,-0.57,-0.01,6,159,189,53,289,18.34,64,285,77.54,6,10,11.3,10.7,2581,8.4,2638,0.901,99
Ottawa Senators,2011,28.1,82,32,40,10,74,0.451,192,250,2,5,-0.69,0.02,5.39,139,193,45,257,17.51,48,295,83.73,6,4,14,11.8,2381,8,2559,0.904,97.9
New York Islanders,2011,26.2,82,30,39,13,73,0.445,229,264,4,6,-0.42,0.01,6.01,158,199,52,302,17.22,52,310,83.23,15,7,18.5,16.2,2408,9.3,2620,0.902,99.2
Florida Panthers,2011,28.3,82,30,40,12,72,0.439,195,229,4,7,-0.43,-0.01,5.17,152,176,35,267,13.11,41,267,84.64,4,5,8.7,9.1,2493,7.7,2609,0.915,99.2
Colorado Avalanche,2011,25.9,82,30,44,8,68,0.415,227,288,6,1,-0.7,0.05,6.28,164,201,49,265,18.49,75,314,76.11,8,11,13.1,11.6,2394,9.2,2609,0.89,99.4
Edmonton Oilers,2011,26.2,82,25,45,12,62,0.378,193,269,2,9,-0.87,0.06,5.63,139,184,44,304,14.47,74,321,76.95,8,2,15.5,14.5,2188,8.7,2597,0.9,98.9
Washington Capitals,2010,27.2,82,54,15,13,121,0.738,318,233,5,6,0.9,-0.14,6.72,230,152,79,313,25.24,67,316,78.8,4,8,11.6,11.2,2693,11.6,2535,0.91,102.7
San Jose Sharks,2010,29.3,82,51,20,11,113,0.689,264,215,7,6,0.65,0.05,5.84,184,151,65,309,21.04,49,324,84.88,8,9,14.1,13.1,2602,9.9,2571,0.919,101.3
Chicago Blackhawks,2010,26.6,82,52,22,8,112,0.683,271,209,9,6,0.77,0.02,5.85,197,159,52,294,17.69,40,266,84.96,13,4,11.3,11.7,2798,9.4,2058,0.901,99
Phoenix Coyotes,2010,28.2,82,50,25,7,107,0.652,225,202,14,6,0.34,0.06,5.21,162,141,46,314,14.65,49,317,84.54,3,6,11.3,10.8,2502,8.4,2427,0.919,100.1
New Jersey Devils,2010,30.5,82,48,27,7,103,0.628,222,191,6,5,0.31,-0.07,5.04,158,140,51,272,18.75,41,240,82.92,7,5,10.5,11.4,2459,8.8,2213,0.916,100.2
Vancouver Canucks,2010,28.1,82,49,28,5,103,0.628,272,222,4,4,0.6,-0.01,6.02,191,155,68,323,21.05,59,320,81.56,8,6,15.5,15.1,2534,10.6,2419,0.91,101.5
Detroit Red Wings,2010,30.3,82,44,24,14,102,0.622,229,216,6,9,0.23,0.07,5.43,156,163,59,307,19.22,43,267,83.9,8,1,8.8,9.9,2737,8.1,2413,0.914,98.9
Los Angeles Kings,2010,26.2,82,46,27,9,101,0.616,241,219,10,8,0.32,0.05,5.61,163,145,64,307,20.85,60,304,80.26,4,6,11.9,12.5,2389,9.7,2260,0.907,99.9
Pittsburgh Penguins,2010,27.8,82,47,28,7,101,0.616,257,237,8,2,0.17,-0.07,6.02,186,175,56,326,17.18,52,327,84.1,7,8,14.6,14.7,2688,9.3,2350,0.9,99.6
Nashville Predators,2010,27.6,82,47,29,6,100,0.61,225,225,8,4,0.06,0.06,5.49,165,156,47,286,16.43,59,258,77.13,5,5,8.7,9.9,2508,8.7,2396,0.908,100
Buffalo Sabres,2010,27.8,82,45,27,10,100,0.61,235,207,4,6,0.26,-0.08,5.39,172,160,55,313,17.57,38,284,86.62,4,3,11.2,11.7,2588,8.9,2573,0.922,100.2
Colorado Avalanche,2010,26.4,82,43,30,9,95,0.579,244,233,7,5,0.16,0.02,5.82,173,159,56,310,18.06,60,303,80.2,8,9,12.5,13.5,2287,10.4,2629,0.913,101.3
Ottawa Senators,2010,27.9,82,44,32,6,94,0.573,225,238,5,5,-0.22,-0.06,5.65,165,179,49,290,16.9,50,318,84.28,5,4,13.9,13.2,2436,9,2340,0.9,98
Boston Bruins,2010,28.1,82,39,30,13,91,0.555,206,200,10,9,0.01,-0.06,4.95,146,150,44,265,16.6,37,272,86.4,6,3,11.6,11.6,2599,7.5,2444,0.922,99.4
Calgary Flames,2010,28.8,82,40,32,10,90,0.549,204,210,3,7,-0.03,0.04,5.05,150,147,43,268,16.04,54,305,82.3,7,1,13.9,13.2,2350,8.6,2372,0.914,99.8
St. Louis Blues,2010,27.9,82,40,32,10,90,0.549,225,223,7,5,0.08,0.06,5.46,159,167,53,308,17.21,45,342,86.84,6,6,16.1,15.8,2445,8.9,2473,0.912,100
Anaheim Ducks,2010,27.9,82,39,32,11,89,0.543,238,251,5,8,-0.07,0.09,5.96,162,167,63,300,21,67,323,79.26,8,9,16.1,15.8,2472,9.4,2736,0.911,100.8
Dallas Stars,2010,28.3,82,37,31,14,88,0.537,237,254,7,10,-0.12,0.09,5.99,160,171,61,328,18.6,65,288,77.43,8,8,11.7,12.7,2523,9.1,2559,0.905,100
Philadelphia Flyers,2010,27.7,82,41,35,6,88,0.537,236,225,4,3,0.08,-0.06,5.62,158,157,68,318,21.38,57,334,82.93,5,7,16.6,15.3,2589,9,2346,0.905,99.5
Montreal Canadiens,2010,27.5,82,39,33,10,88,0.537,217,223,7,5,-0.14,-0.07,5.37,149,157,57,261,21.84,53,311,82.96,3,8,11.4,11.3,2345,9,2634,0.917,100.4
New York Rangers,2010,26.8,82,38,33,11,87,0.53,222,218,3,4,0,-0.05,5.37,159,158,55,301,18.27,50,318,84.28,5,6,14.1,13.2,2425,9,2450,0.913,100.3
Minnesota Wild,2010,28.6,82,38,36,8,84,0.512,219,246,5,7,-0.26,0.07,5.67,151,173,59,309,19.09,53,306,82.68,3,13,11.3,11.2,2266,9.4,2415,0.901,99.9
Atlanta Thrashers,2010,27.5,82,35,34,13,83,0.506,234,256,4,6,-0.33,-0.06,5.98,170,189,51,316,16.14,57,320,82.19,9,4,12.8,13,2409,9.5,2716,0.908,100.5
Carolina Hurricanes,2010,28.9,82,35,37,10,80,0.488,230,256,4,5,-0.37,-0.05,5.93,163,181,56,329,17.02,62,320,80.63,7,8,11.8,11.8,2402,9.4,2574,0.902,99.6
Tampa Bay Lightning,2010,27,82,34,36,12,80,0.488,217,260,4,7,-0.56,-0.03,5.82,148,180,63,326,19.33,67,336,80.06,2,6,16.8,16,2367,9,2575,0.902,99.4
New York Islanders,2010,28.3,82,34,37,11,79,0.482,222,264,8,6,-0.53,-0.02,5.93,158,184,49,306,16.01,71,300,76.33,7,3,11.6,12.2,2493,8.6,2619,0.901,99.2
Columbus Blue Jackets,2010,26.1,82,32,35,15,79,0.482,216,259,2,10,-0.42,0.11,5.79,152,179,56,308,18.18,61,334,81.74,6,8,13.2,12.6,2338,9.2,2514,0.901,99
Florida Panthers,2010,28.1,82,32,37,13,77,0.47,208,244,6,10,-0.47,-0.03,5.51,151,167,44,309,14.24,59,286,79.37,7,8,11.9,12.8,2331,8.7,2800,0.916,100.8
Toronto Maple Leafs,2010,27,82,30,38,14,74,0.451,214,267,4,4,-0.68,-0.03,5.87,162,183,44,315,13.97,73,288,74.65,4,6,13.3,13.5,2671,7.9,2440,0.892,98.9
Edmonton Oilers,2010,27.1,82,27,47,8,62,0.378,214,284,8,6,-0.76,0.09,6.07,148,206,52,301,17.28,67,305,78.03,6,5,13.8,13.5,2321,8.9,2716,0.898,99.3
San Jose Sharks,2009,28.7,82,53,18,11,117,0.713,257,204,6,5,0.61,-0.04,5.62,152,137,87,360,24.17,51,304,83.22,11,12.8,14.1,2720,9.2,2228,0.911,99.3,
Boston Bruins,2009,28.4,82,53,19,10,116,0.707,274,196,4,6,0.89,-0.06,5.73,188,129,74,313,23.64,54,306,82.35,7,12.5,12.8,2482,10.9,2524,0.925,102.5,
Detroit Red Wings,2009,31.2,82,51,21,10,112,0.683,295,244,6,4,0.62,0,6.57,193,165,90,353,25.5,71,327,78.29,4,10,10.9,2965,9.7,2274,0.894,99.6,
Washington Capitals,2009,27.2,82,50,24,8,108,0.659,272,245,4,5,0.27,-0.06,6.3,176,154,85,337,25.22,75,387,80.62,11,12.7,11.4,2747,9.8,2418,0.901,99.5,
New Jersey Devils,2009,30.3,82,51,27,4,106,0.646,244,209,6,2,0.38,-0.05,5.52,168,138,58,307,18.89,65,324,79.94,4,12.9,13.1,2698,8.8,2415,0.914,100.8,
Chicago Blackhawks,2009,25.9,82,46,24,12,104,0.634,264,216,4,7,0.6,0.01,5.85,180,139,70,363,19.28,64,330,80.61,6,14.1,15.2,2683,9.7,2344,0.911,99.8,
Vancouver Canucks,2009,27.9,82,45,27,10,100,0.61,246,220,3,7,0.3,-0.02,5.68,169,139,67,357,18.77,69,371,81.4,5,16.5,16.3,2335,10.4,2392,0.911,101.8,
Pittsburgh Penguins,2009,26.6,82,45,28,9,99,0.604,264,239,6,6,0.28,-0.02,6.13,189,160,62,360,17.22,60,347,82.71,13,13.6,14.2,2381,10.8,2484,0.906,101.6,
Philadelphia Flyers,2009,27,82,44,27,11,99,0.604,264,238,4,6,0.28,-0.04,6.12,173,164,71,316,22.47,67,393,82.95,1,17.5,14.8,2441,10.7,2668,0.913,100.3,
Calgary Flames,2009,28.9,82,46,30,6,98,0.598,254,248,3,2,0.07,0,6.12,184,173,61,358,17.04,58,349,83.38,15,15.8,15.6,2643,9.5,2441,0.899,99.4,
Carolina Hurricanes,2009,27.9,82,45,30,7,97,0.591,239,226,3,5,0.11,-0.05,5.67,158,153,70,374,18.72,59,301,80.4,9,9.8,12.5,2675,8.8,2419,0.909,99.3,
New York Rangers,2009,27,82,43,30,9,95,0.579,210,218,10,6,-0.1,-0.01,5.22,143,158,48,346,13.87,40,329,87.84,14,14.6,14.9,2658,7.5,2433,0.913,98.6,
Montreal Canadiens,2009,27.6,82,41,30,11,93,0.567,249,247,7,7,0.02,-0.01,6.05,160,164,72,374,19.25,65,370,82.43,11,15,15.8,2461,9.8,2600,0.908,100.4,
Florida Panthers,2009,28.6,82,41,30,11,93,0.567,234,231,3,8,0,-0.04,5.67,173,160,51,308,16.56,54,311,82.64,9,11,11.3,2411,9.6,2843,0.922,101.5,
Columbus Blue Jackets,2009,25.8,82,41,31,10,92,0.561,226,230,6,7,-0.01,0.04,5.56,171,149,41,322,12.73,62,346,82.08,12,15,14.1,2370,9.3,2281,0.902,100.3,
St. Louis Blues,2009,27.1,82,41,31,10,92,0.561,233,233,6,6,0.05,0.05,5.68,145,161,72,351,20.51,58,357,83.75,8,15.2,15.4,2271,10,2341,0.903,99.7,
Buffalo Sabres,2009,28.1,82,41,32,9,91,0.555,250,234,8,5,0.18,-0.02,5.9,160,163,75,358,20.95,61,336,81.85,5,13.7,14.6,2505,9.7,2575,0.911,100.4,
Anaheim Ducks,2009,29.2,82,42,33,7,91,0.555,245,238,7,3,0.09,0,5.89,159,149,73,309,23.62,78,385,79.74,8,17.4,15.4,2481,9.6,2499,0.906,100.7,
Minnesota Wild,2009,27.7,82,40,33,9,89,0.543,219,200,5,3,0.22,-0.02,5.11,139,155,66,328,20.12,36,291,87.63,6,10.8,11.7,2257,9.5,2518,0.922,100.1,
Nashville Predators,2009,27.6,82,40,34,8,88,0.537,213,233,6,5,-0.19,0.06,5.44,148,161,50,318,15.72,59,338,82.54,8,12.1,11.8,2375,8.7,2411,0.905,100,
Edmonton Oilers,2009,28.8,82,38,35,9,85,0.518,234,248,6,4,-0.16,0.01,5.88,165,160,60,354,16.95,76,338,77.51,8,15.2,15.4,2303,9.9,2668,0.909,101.1,
Dallas Stars,2009,28.5,82,36,35,11,83,0.506,230,257,6,6,-0.3,0.03,5.94,168,177,54,351,15.38,70,327,78.59,4,14,15,2369,9.5,2303,0.891,99.6,
Ottawa Senators,2009,27.9,82,36,35,11,83,0.506,217,237,4,6,-0.23,0.01,5.54,139,162,66,339,19.47,64,346,81.5,5,13.4,13.1,2405,8.9,2336,0.901,99.1,
Toronto Maple Leafs,2009,28,82,34,35,13,81,0.494,250,293,6,7,-0.49,0.03,6.62,176,201,62,330,18.79,78,308,74.68,7,13.7,14.4,2603,9.4,2480,0.885,98.9,
Phoenix Coyotes,2009,26.6,82,36,39,7,79,0.482,208,252,3,3,-0.5,0.04,5.61,150,177,50,341,14.66,68,293,76.79,4,13.3,15,2302,8.9,2591,0.904,99.7,
Los Angeles Kings,2009,25.5,82,34,37,11,79,0.482,207,234,5,8,-0.29,0.04,5.38,129,156,69,360,19.17,62,361,82.83,8,14.7,13.7,2383,8.5,2301,0.902,98.8,
Atlanta Thrashers,2009,27.9,82,35,41,6,76,0.463,257,280,7,1,-0.3,-0.02,6.55,168,181,69,357,19.33,88,366,75.96,10,15.3,14.6,2306,10.8,2683,0.896,100.7,
Colorado Avalanche,2009,28.6,82,32,45,5,69,0.421,199,257,9,4,-0.66,0.05,5.56,136,181,50,318,15.72,64,318,79.87,8,13,12.6,2359,8.1,2376,0.894,98,
Tampa Bay Lightning,2009,27.4,82,24,40,18,66,0.402,210,279,3,10,-0.81,0.03,5.96,142,171,61,343,17.78,89,405,78.02,9,15.9,13.4,2337,8.9,2701,0.9,99.8,
New York Islanders,2009,27.7,82,26,47,9,61,0.372,201,279,3,5,-0.91,0.05,5.85,132,196,54,320,16.88,73,361,79.78,5,14.8,13.1,2372,8.3,2751,0.9,98.4,
Detroit Red Wings,2008,32.1,82,54,21,7,115,0.701,257,184,5,5,0.93,0.04,5.38,166,115,81,391,20.72,57,357,84.03,5,7,11.4,12.7,2820,8.9,1930,0.907,100
San Jose Sharks,2008,27.7,82,49,23,10,108,0.659,222,193,6,6,0.47,0.12,5.06,139,134,70,374,18.72,44,310,85.81,7,9,13.1,15.7,2428,8.9,1981,0.906,99.1
Montreal Canadiens,2008,27.6,82,47,25,10,104,0.634,262,222,5,6,0.35,-0.14,5.9,159,151,90,374,24.06,60,342,82.46,8,3,13.3,14.1,2382,10.8,2589,0.917,101.3
Pittsburgh Penguins,2008,26.9,82,47,27,8,102,0.622,247,216,7,4,0.24,-0.14,5.65,157,134,77,378,20.37,68,357,80.95,6,10,14.4,15.1,2268,10.6,2523,0.916,101.9
Anaheim Ducks,2008,29.7,82,47,27,8,102,0.622,205,191,8,7,0.3,0.13,4.83,129,108,60,361,16.62,69,408,83.09,8,7,18.1,16.9,2241,8.8,2299,0.92,100.8
New Jersey Devils,2008,29.2,82,46,29,7,99,0.604,206,197,8,4,0,-0.11,4.91,142,133,50,320,15.63,54,314,82.8,6,7,11.9,12,2362,8.4,2257,0.914,99.7
Minnesota Wild,2008,27.7,82,44,28,10,98,0.598,223,218,3,8,0.16,0.1,5.38,153,151,64,338,18.93,49,330,85.15,3,10,13.4,14.1,2218,9.9,2469,0.915,100.7
New York Rangers,2008,27.4,82,42,27,13,97,0.591,213,199,8,9,0.05,-0.12,5.02,140,130,61,370,16.49,53,343,84.55,4,6,14.1,14.3,2579,7.9,2124,0.911,99.8
Dallas Stars,2008,29,82,45,30,7,97,0.591,242,207,5,3,0.54,0.11,5.48,160,145,64,354,18.08,51,354,85.59,13,8,14.3,14.6,2187,10.8,2137,0.905,100.3
Philadelphia Flyers,2008,28.1,82,42,29,11,95,0.579,248,233,3,6,0.06,-0.12,5.87,148,156,84,385,21.82,65,388,83.25,13,6,17.9,17.3,2358,10.4,2609,0.913,100.4
Colorado Avalanche,2008,28.5,82,44,31,7,95,0.579,231,219,7,3,0.24,0.09,5.49,173,155,49,335,14.63,56,301,81.4,2,5,12.1,12.9,2349,9.5,2237,0.903,100.7
Ottawa Senators,2008,28.5,82,43,31,8,94,0.573,261,247,3,5,0.06,-0.11,6.2,180,164,60,328,18.29,72,380,81.05,18,6,14.3,13.3,2471,10.4,2456,0.901,100.5
Boston Bruins,2008,28.1,82,41,29,12,94,0.573,212,222,6,7,-0.2,-0.08,5.29,141,138,56,319,17.55,71,332,78.61,9,6,13,12.9,2339,8.8,2495,0.914,100.4
Calgary Flames,2008,29.5,82,42,30,10,94,0.573,229,227,3,3,0.13,0.1,5.56,158,144,59,352,16.76,72,389,81.49,9,8,16.4,15.3,2316,9.8,2335,0.904,100.6
Washington Capitals,2008,27.3,82,43,31,8,94,0.573,242,231,4,4,-0.06,-0.19,5.77,168,151,65,346,18.79,68,349,80.52,5,8,11.9,11.9,2538,9.4,2259,0.9,99.3
Carolina Hurricanes,2008,29.3,82,43,33,6,92,0.561,252,249,2,3,-0.15,-0.18,6.11,167,158,79,420,18.81,75,355,78.87,4,13,14.4,16.6,2669,9.4,2368,0.896,99.7
Nashville Predators,2008,28.1,82,41,32,9,91,0.555,230,229,3,5,0.13,0.12,5.6,167,165,53,358,14.8,49,335,85.37,7,10,12.5,13.4,2425,9.4,2440,0.908,100.2
Buffalo Sabres,2008,26.8,82,39,31,12,90,0.549,255,242,4,9,0.05,-0.11,6.06,176,168,66,366,18.03,56,333,83.18,9,8,12.2,13.5,2478,10.1,2326,0.9,100.3
Vancouver Canucks,2008,28.1,82,39,33,10,88,0.537,213,215,6,9,0.08,0.11,5.22,136,135,63,369,17.07,64,368,82.61,8,7,18,18.6,2252,9.2,2367,0.913,100.4
Chicago Blackhawks,2008,26.8,82,40,34,8,88,0.537,239,235,5,4,0.16,0.12,5.78,159,156,58,365,15.89,69,385,82.08,17,6,16.9,16.1,2298,10.2,2346,0.902,100.6
Edmonton Oilers,2008,27.1,82,41,35,6,88,0.537,235,251,15,4,-0.07,0.12,5.93,156,181,57,344,16.57,56,366,84.7,7,10,14.3,13.8,2156,10.2,2573,0.904,99.9
Florida Panthers,2008,28.1,82,38,35,9,85,0.518,216,226,5,6,-0.29,-0.17,5.39,147,151,60,313,19.17,66,374,82.35,4,3,12.5,11.8,2549,8.3,2752,0.92,100.3
Phoenix Coyotes,2008,26.5,82,38,37,7,83,0.506,214,231,5,6,-0.04,0.17,5.43,135,149,63,339,18.58,64,332,80.72,11,12,14.5,13.6,2500,8.4,2518,0.911,99.5
Toronto Maple Leafs,2008,28.4,82,36,35,11,83,0.506,231,260,3,4,-0.42,-0.06,5.99,163,169,61,343,17.78,77,352,78.13,4,10,13.3,12.4,2542,9,2402,0.893,98.9
Columbus Blue Jackets,2008,27.2,82,34,36,12,80,0.488,193,218,3,8,-0.16,0.15,5.01,129,142,53,356,14.89,63,378,83.33,8,5,16.2,15.2,2381,8,2249,0.907,98.7
St. Louis Blues,2008,28.4,82,33,36,13,79,0.482,205,237,3,5,-0.24,0.16,5.39,152,163,47,334,14.07,56,359,84.4,3,13,14.1,13.6,2141,9.4,2249,0.897,99.9
New York Islanders,2008,28.3,82,35,38,9,79,0.482,194,243,5,3,-0.65,-0.05,5.33,131,157,48,330,14.55,68,375,81.87,10,15,12.7,11.7,2431,7.8,2488,0.904,99.1
Atlanta Thrashers,2008,29.3,82,34,40,8,76,0.463,216,272,9,6,-0.8,-0.12,5.95,142,181,52,316,16.46,75,354,78.81,13,10,13.1,11.4,2115,9.8,2782,0.904,100
Los Angeles Kings,2008,27.7,82,32,43,7,71,0.433,231,266,5,3,-0.24,0.19,6.06,151,191,64,367,17.44,68,309,77.99,11,4,11.6,12.7,2349,9.6,2625,0.9,99.5
Tampa Bay Lightning,2008,27.9,82,31,42,9,71,0.433,223,267,2,1,-0.67,-0.13,5.98,157,203,57,296,19.26,56,312,82.05,7,7,12.7,11,2354,9.4,2311,0.885,98
Detroit Red Wings,2007,32.3,82,50,19,13,113,0.689,254,199,2,8,0.72,0.05,5.52,172,117,68,401,16.96,63,408,84.56,12,11,12,12.4,2771,9.1,2020,0.905,
Buffalo Sabres,2007,27.2,82,53,22,7,113,0.689,308,242,10,4,0.64,-0.16,6.71,219,153,71,407,17.44,72,386,81.35,8,13,14.6,15.3,2417,12.3,2541,0.906,
Anaheim Ducks,2007,28.5,82,48,20,14,110,0.671,258,208,4,10,0.67,0.06,5.68,161,133,89,398,22.36,61,410,85.12,4,4,17.8,17.8,2582,9.8,2248,0.912,
Nashville Predators,2007,27.4,82,51,23,8,110,0.671,272,212,6,5,0.78,0.05,5.9,187,150,71,408,17.4,55,390,85.9,8,2,14.4,15.7,2261,11.8,2561,0.919,
Dallas Stars,2007,30,82,50,25,7,107,0.652,226,197,9,4,0.44,0.08,5.16,135,129,79,427,18.5,59,377,84.35,3,6,13.8,14.9,2295,9.5,2114,0.908,
New Jersey Devils,2007,29.4,82,49,24,9,107,0.652,216,201,10,8,0.03,-0.15,5.09,137,142,65,367,17.71,40,271,85.24,4,11,10.1,12.3,2354,8.8,2332,0.917,
San Jose Sharks,2007,26.4,82,51,26,5,107,0.652,258,199,2,2,0.77,0.05,5.57,157,138,92,410,22.44,55,330,83.33,7,4,11.6,14.2,2346,10.9,2148,0.908,
Ottawa Senators,2007,26.6,82,48,25,9,105,0.64,288,222,2,6,0.64,-0.16,6.22,197,143,72,403,17.87,61,394,84.52,17,12,14.3,14.6,2651,10.8,2479,0.913,
Pittsburgh Penguins,2007,26,82,47,24,11,105,0.64,277,246,10,6,0.21,-0.17,6.38,159,152,94,463,20.3,75,419,82.1,14,13,15.2,16.9,2366,11.3,2529,0.905,
Vancouver Canucks,2007,28,82,49,26,7,105,0.64,222,201,5,4,0.39,0.13,5.16,142,132,70,407,17.2,57,436,86.93,5,8,14.7,14.2,2405,9,2398,0.918,
Minnesota Wild,2007,28.2,82,48,26,8,104,0.634,235,191,10,7,0.65,0.11,5.2,144,128,72,380,18.95,48,342,85.96,9,8,10.5,11.6,2431,9.3,2361,0.922,
Atlanta Thrashers,2007,29.4,82,43,28,11,97,0.591,246,245,7,4,-0.15,-0.16,5.99,163,152,67,407,16.46,79,391,79.8,9,10,13.4,14,2438,9.8,2582,0.907,
Calgary Flames,2007,28.4,82,43,29,10,96,0.585,258,226,3,5,0.51,0.12,5.9,167,135,73,401,18.2,81,414,80.43,15,5,14.7,14.3,2242,11.4,2502,0.912,
Colorado Avalanche,2007,28.4,82,44,31,7,95,0.579,272,251,5,4,0.39,0.13,6.38,181,168,79,374,21.12,70,353,80.17,7,9,10.8,11.6,2603,10.3,2378,0.896,
New York Rangers,2007,28.6,82,42,30,10,94,0.573,242,216,9,5,0.16,-0.16,5.59,147,140,75,406,18.47,65,400,83.75,11,6,13.5,14.3,2586,9,2329,0.909,
Tampa Bay Lightning,2007,28.2,82,44,33,5,93,0.567,253,261,10,2,-0.25,-0.15,6.27,160,182,69,374,18.45,66,305,78.36,14,11,10.9,12.9,2418,10,2234,0.884,
New York Islanders,2007,29.7,82,40,30,12,92,0.561,248,240,8,5,-0.04,-0.14,5.95,170,147,63,348,18.1,79,433,81.76,7,9,13,11.1,2457,9.8,2671,0.912,
Toronto Maple Leafs,2007,27.8,82,40,31,11,91,0.555,258,269,4,7,-0.21,-0.08,6.43,180,161,71,401,17.71,90,418,78.47,3,11,13.9,13.2,2681,9.5,2330,0.888,
Montreal Canadiens,2007,28,82,42,34,6,90,0.549,245,256,6,5,-0.21,-0.08,6.11,136,176,86,378,22.75,69,419,83.53,17,6,13.8,13.1,2426,9.9,2685,0.907,
Carolina Hurricanes,2007,28.2,82,40,34,8,88,0.537,241,253,0,5,-0.29,-0.15,6.02,162,179,67,447,14.99,61,395,84.56,12,8,12.5,14.1,2559,9.4,2336,0.894,
Florida Panthers,2007,29.1,82,35,31,16,86,0.524,247,257,2,8,-0.27,-0.15,6.15,179,165,61,337,18.1,78,443,82.39,5,6,14.4,11.4,2730,9,2402,0.896,
St. Louis Blues,2007,28.9,82,34,35,13,81,0.494,214,254,6,6,-0.33,0.15,5.71,155,155,46,381,12.07,83,414,79.95,7,10,14.9,13.4,2202,9.4,2369,0.895,
Boston Bruins,2007,27.8,82,35,41,6,76,0.463,219,289,9,4,-0.87,-0.01,6.2,131,186,71,412,17.23,81,442,81.67,8,18,15.3,14.5,2370,8.9,2748,0.896,
Columbus Blue Jackets,2007,27.8,82,33,42,7,73,0.445,201,249,5,5,-0.42,0.16,5.49,125,149,65,438,14.84,85,453,81.24,6,10,16.5,16,2273,8.6,2345,0.896,
Chicago Blackhawks,2007,27.5,82,31,42,9,71,0.433,201,258,6,7,-0.52,0.17,5.6,140,168,43,364,11.81,77,443,82.62,12,6,16.2,13.7,2201,8.9,2408,0.896,
Edmonton Oilers,2007,28.2,82,32,43,7,71,0.433,195,248,3,3,-0.43,0.22,5.4,133,182,53,373,14.21,59,382,84.55,6,4,15.7,14.6,2193,8.8,2439,0.9,
Washington Capitals,2007,26.9,82,28,40,14,70,0.427,235,286,1,11,-0.73,-0.1,6.35,155,180,67,408,16.42,82,414,80.19,12,14,15,15.1,2295,10.2,2734,0.899,
Los Angeles Kings,2007,29.2,82,27,41,14,68,0.415,227,283,4,6,-0.51,0.18,6.22,136,180,81,442,18.33,91,411,77.86,6,6,15.1,16.2,2542,8.8,2440,0.886,
Phoenix Coyotes,2007,28.8,82,31,46,5,67,0.409,216,284,5,2,-0.64,0.19,6.1,140,177,66,400,16.5,92,425,78.35,5,13,17.6,15.3,2320,9.1,2470,0.886,
Philadelphia Flyers,2007,27.3,82,22,48,12,56,0.341,214,303,1,6,-1.12,-0.04,6.3,145,218,53,376,14.1,65,420,84.52,15,14,15.9,13.6,2360,9,2673,0.889,
Detroit Red Wings,2006,32.1,82,58,16,8,124,0.756,305,209,4,3,1.03,-0.14,6.27,192,128,102,461,22.13,67,461,85.47,7,10,13.5,13.1,2796,10.8,2180,0.906,
Ottawa Senators,2006,27.3,82,52,21,9,113,0.689,314,211,2,6,1.18,-0.08,6.4,185,121,102,490,20.82,73,476,84.66,25,11,17.6,17.7,2811,11.1,2344,0.913,
Carolina Hurricanes,2006,29.2,82,52,22,8,112,0.683,294,260,8,2,0.29,-0.13,6.76,174,163,95,531,17.89,81,445,81.8,17,13,13.5,16.2,2553,11.2,2497,0.897,
Dallas Stars,2006,29.7,82,53,23,6,112,0.683,265,218,12,1,0.61,0.04,5.89,155,128,88,498,17.67,82,504,83.73,10,7,18.1,17,2333,10.8,2099,0.897,
Buffalo Sabres,2006,26.9,82,52,24,6,110,0.671,281,239,5,5,0.5,-0.01,6.34,165,158,101,477,21.17,59,439,86.56,10,17,14,15.2,2510,11,2502,0.906,
Nashville Predators,2006,27.6,82,49,25,8,106,0.646,259,227,6,3,0.32,-0.07,5.93,146,129,94,512,18.36,82,533,84.62,12,13,18.5,18,2379,10.6,2661,0.916,
Calgary Flames,2006,28,82,46,25,11,103,0.628,218,200,2,7,0.3,0.08,5.1,121,107,87,478,18.2,80,508,84.25,8,7,17.9,16.5,2299,9.4,2260,0.915,
Philadelphia Flyers,2006,28.2,82,45,26,11,101,0.616,267,259,4,6,0,-0.1,6.41,164,150,80,444,18.02,97,465,79.14,19,6,14.5,14,2552,10.3,2370,0.893,
New Jersey Devils,2006,30,82,46,27,9,101,0.616,242,229,9,4,0.05,-0.11,5.74,152,156,78,441,17.69,63,349,81.95,3,6,11.5,14.2,2393,9.7,2403,0.906,
New York Rangers,2006,28.2,82,44,26,12,100,0.61,257,215,7,4,0.38,-0.14,5.76,163,123,83,442,18.78,79,486,83.74,4,9,14.4,13.7,2448,10.2,2358,0.911,
San Jose Sharks,2006,26.5,82,44,27,11,99,0.604,266,242,1,7,0.36,0.06,6.2,164,147,91,500,18.2,77,399,80.7,10,11,12.7,14.9,2483,10.7,2180,0.892,
Mighty Ducks of Anaheim,2006,28.2,82,43,27,12,98,0.598,254,229,3,7,0.37,0.06,5.89,155,125,87,480,18.13,84,510,83.53,9,13,17.6,17,2585,9.7,2431,0.909,
Colorado Avalanche,2006,29.6,82,43,30,9,95,0.579,283,257,3,6,0.39,0.07,6.59,180,170,89,473,18.82,69,448,84.6,11,12,14,15.4,2464,11.4,2415,0.896,
Edmonton Oilers,2006,28.7,82,41,28,13,95,0.579,256,251,7,9,0.15,0.09,6.18,146,161,88,485,18.14,76,478,84.1,15,5,14.4,15.5,2442,10.2,2094,0.884,
Montreal Canadiens,2006,27.9,82,42,31,9,93,0.567,243,247,2,3,-0.01,0.04,5.98,142,147,89,463,19.22,91,481,81.08,10,6,16,15,2470,9.8,2507,0.903,
Vancouver Canucks,2006,27.9,82,42,32,8,92,0.561,256,255,4,4,0.11,0.1,6.23,150,148,96,526,18.25,93,512,81.84,6,10,17.9,17.9,2358,10.7,2466,0.898,
Tampa Bay Lightning,2006,29.3,82,43,33,6,92,0.561,252,260,6,4,-0.18,-0.08,6.24,154,173,81,485,16.7,72,391,81.59,11,11,11.5,13.7,2594,9.5,2260,0.887,
Toronto Maple Leafs,2006,29.4,82,41,33,8,90,0.549,257,270,3,7,-0.11,0.05,6.43,133,152,107,501,21.36,99,496,80.04,14,12,16.8,16.9,2323,10.9,2509,0.895,
Atlanta Thrashers,2006,28.9,82,41,33,8,90,0.549,281,275,5,5,-0.03,-0.1,6.78,163,158,100,527,18.98,102,492,79.27,13,10,16.1,17.4,2522,10.9,2483,0.891,
Los Angeles Kings,2006,28.6,82,42,35,5,89,0.543,249,270,6,1,-0.15,0.11,6.33,151,153,77,541,14.23,104,489,78.73,15,12,17.6,20.4,2394,10.2,2459,0.891,
Florida Panthers,2006,27.6,82,37,34,11,85,0.518,240,257,4,5,-0.28,-0.07,6.06,168,149,63,411,15.33,91,514,82.3,5,12,15.3,13,2724,8.7,2853,0.912,
Minnesota Wild,2006,27.7,82,38,36,8,84,0.512,231,215,5,3,0.28,0.08,5.44,138,150,77,454,16.96,55,436,87.39,11,7,14.5,15.4,2194,10.3,2460,0.914,
Phoenix Coyotes,2006,28.4,82,38,39,5,81,0.494,246,271,4,3,-0.19,0.12,6.3,137,159,96,541,17.74,98,513,80.9,9,11,18.2,18,2318,10.4,2479,0.892,
New York Islanders,2006,27.7,82,36,40,6,78,0.476,230,278,9,3,-0.62,-0.04,6.2,140,161,76,450,16.89,99,476,79.2,5,15,15.2,14,2481,8.9,2549,0.892,
Columbus Blue Jackets,2006,27.4,82,35,43,4,74,0.451,223,279,8,3,-0.66,0.02,6.12,141,173,64,451,14.19,95,523,81.84,10,8,17,15.4,2250,9.6,2762,0.9,
Boston Bruins,2006,28,82,29,37,16,74,0.451,230,266,2,8,-0.36,0.08,6.05,157,170,62,418,14.83,78,479,83.72,9,10,14.2,12.8,2511,9.1,2633,0.902,
Washington Capitals,2006,27.6,82,29,41,12,70,0.427,237,306,7,6,-0.86,-0.02,6.62,143,166,72,490,14.69,116,550,78.91,15,18,18,16.3,2445,9.4,2880,0.896,
Chicago Blackhawks,2006,26.8,82,26,43,13,65,0.396,211,285,2,6,-0.86,0.04,6.05,152,179,51,417,12.23,88,547,83.91,6,12,18.5,15.2,2480,8.4,2417,0.885,
Pittsburgh Penguins,2006,26.8,82,22,46,14,58,0.354,244,316,1,6,-0.89,-0.01,6.83,136,181,94,495,18.99,113,533,78.8,13,16,18.8,16.7,2297,10.6,2723,0.886,
St. Louis Blues,2006,29,82,21,46,15,57,0.348,197,292,4,8,-1.09,0.07,5.96,112,194,75,512,14.65,82,461,82.21,6,8,16.5,17.5,2335,8.3,2510,0.887,
Detroit Red Wings,2004,31.9,82,48,21,2,109,0.665,255,189,0.72,-0.09,5.41,177,142,63,314,20.06,42,317,86.75,15,5,11.5,11.2,2484,10.3,2151,0.912,,,
Tampa Bay Lightning,2004,28.1,82,46,22,6,106,0.646,245,192,0.56,-0.09,5.33,175,146,55,339,16.22,42,278,84.89,15,4,11.6,13.1,2460,10,2085,0.908,,,
San Jose Sharks,2004,26.8,82,43,21,6,104,0.634,219,183,0.4,-0.04,4.9,154,127,56,337,16.62,47,319,85.27,9,9,13.1,13.6,2300,9.5,2373,0.923,,,
Boston Bruins,2004,27.9,82,41,19,7,104,0.634,209,188,0.29,0.03,4.84,154,120,48,300,16,55,335,83.58,7,13,14.5,12.8,2500,8.4,2280,0.918,,,
Toronto Maple Leafs,2004,30.7,82,45,24,3,103,0.628,242,204,0.48,0.02,5.44,159,132,75,373,20.11,64,386,83.42,8,8,17.5,16.3,2253,10.7,2166,0.906,,,
Ottawa Senators,2004,27,82,43,23,6,102,0.622,262,189,0.88,-0.01,5.5,176,124,80,370,21.62,57,347,83.57,6,8,15.3,16.4,2421,10.8,2040,0.907,,,
Vancouver Canucks,2004,27.5,82,43,24,5,101,0.616,235,194,0.52,0.02,5.23,174,136,56,376,14.89,50,360,86.11,5,8,15.2,15.4,2379,9.9,2183,0.911,,,
Philadelphia Flyers,2004,29.7,82,40,21,6,101,0.616,229,186,0.47,-0.05,5.06,157,125,65,314,20.7,58,348,83.33,7,3,16.3,15.7,2410,9.5,2092,0.911,,,
New Jersey Devils,2004,28.8,82,43,25,2,100,0.61,213,164,0.54,-0.06,4.6,154,120,51,312,16.35,39,266,85.34,8,5,10.7,11.2,2433,8.8,2001,0.918,,,
Colorado Avalanche,2004,27.9,82,40,22,7,100,0.61,236,198,0.48,0.02,5.29,155,126,74,363,20.39,58,357,83.75,7,14,15.4,15.4,2410,9.8,2325,0.915,,,
Dallas Stars,2004,30.6,82,41,26,2,97,0.591,194,175,0.22,-0.01,4.5,137,120,52,328,15.85,44,311,85.85,5,11,13.7,13.4,2196,8.8,1902,0.908,,,
Calgary Flames,2004,26.9,82,42,30,3,94,0.573,200,176,0.33,0.04,4.59,135,121,54,357,15.13,53,346,84.68,11,2,17,17.1,2248,8.9,2090,0.916,,,
Montreal Canadiens,2004,28,82,41,30,4,93,0.567,208,192,0.23,0.04,4.88,148,131,55,319,17.24,55,314,82.48,5,6,12.5,13,2270,9.2,2342,0.918,,,
St. Louis Blues,2004,30,82,39,30,2,91,0.555,191,198,-0.09,-0.01,4.74,123,130,61,341,17.89,57,369,84.55,7,11,15.2,13.9,2223,8.6,2103,0.906,,,
Nashville Predators,2004,26.5,82,38,29,4,91,0.555,216,217,-0.05,-0.04,5.28,130,145,72,428,16.82,64,351,81.77,14,8,16.3,19.4,2227,9.7,2335,0.907,,,
New York Islanders,2004,27.7,82,38,29,4,91,0.555,237,210,0.29,-0.04,5.45,172,153,54,325,16.62,52,359,85.52,11,5,14,13.1,2341,10.1,2244,0.906,,,
Edmonton Oilers,2004,27.5,82,36,29,5,89,0.543,221,208,0.21,0.05,5.23,164,134,44,338,13.02,66,350,81.14,13,8,14.6,14.5,2332,9.5,2175,0.904,,,
Buffalo Sabres,2004,26.4,82,37,34,4,85,0.518,220,221,0.02,0.04,5.38,154,159,58,367,15.8,53,348,84.77,7,9,15.4,17.2,2300,9.5,2340,0.906,,,
Minnesota Wild,2004,27.4,82,30,29,3,83,0.506,188,183,0.08,0.02,4.52,135,132,46,339,13.57,44,285,84.56,7,7,12.1,14.3,1982,9.5,2383,0.923,,,
Los Angeles Kings,2004,28.7,82,28,29,9,81,0.494,205,217,-0.15,0,5.15,146,148,50,356,14.04,65,336,80.65,9,4,14.1,14,2349,8.7,2213,0.902,,,
Atlanta Thrashers,2004,27.1,82,33,37,4,78,0.476,214,243,-0.38,-0.03,5.57,143,178,60,410,14.63,58,391,85.17,11,7,18,17.3,2141,10,2411,0.899,,,
Carolina Hurricanes,2004,28.4,82,28,34,6,76,0.463,172,209,-0.46,-0.01,4.65,122,134,41,384,10.68,66,359,81.62,9,9,13.2,15,2394,7.2,2150,0.903,,,
Mighty Ducks of Anaheim,2004,27.7,82,29,35,8,76,0.463,184,213,-0.34,0.01,4.84,123,155,56,310,18.06,54,353,84.7,5,4,13.6,12.7,2438,7.5,2443,0.913,,,
Florida Panthers,2004,25.3,82,28,35,4,75,0.457,188,221,-0.42,-0.02,4.99,129,158,52,310,16.77,51,373,86.33,7,12,14.4,12.4,2273,8.3,2828,0.922,,,
New York Rangers,2004,30.2,82,27,40,8,69,0.421,206,250,-0.51,0.03,5.56,154,162,46,322,14.29,80,388,79.38,6,8,17.4,15.6,2416,8.5,2396,0.896,,,
Phoenix Coyotes,2004,26.7,82,22,36,6,68,0.415,188,245,-0.66,0.04,5.28,128,166,51,358,14.25,71,398,82.16,9,8,15.6,14.5,2171,8.7,2506,0.902,,,
Columbus Blue Jackets,2004,27.5,82,25,45,4,62,0.378,177,238,-0.72,0.03,5.06,114,174,58,401,14.46,50,337,85.16,5,14,14.5,16,2280,7.8,2623,0.909,,,
Chicago Blackhawks,2004,25.8,82,20,43,8,59,0.36,188,259,-0.84,0.02,5.45,128,182,55,349,15.76,63,383,83.55,5,14,15.9,15.7,2401,7.8,2521,0.897,,,
Washington Capitals,2004,28,82,23,46,3,59,0.36,186,253,-0.8,0.02,5.35,118,173,64,334,19.16,75,401,81.3,4,5,15.5,14.1,1946,9.6,2586,0.902,,,
Pittsburgh Penguins,2004,26.5,82,23,47,4,58,0.354,190,303,-1.31,0.07,6.01,118,204,65,360,18.06,84,369,77.24,7,15,15.1,15,2029,9.4,2720,0.889,,,
Ottawa Senators,2003,26.3,82,52,21,1,113,0.689,263,182,0.88,-0.11,5.43,176,124,83,391,21.23,50,332,84.94,4,8,13.6,16.5,2441,10.8,2033,0.91,,,
Dallas Stars,2003,30,82,46,17,4,111,0.677,245,169,0.94,0.01,5.05,174,113,62,327,18.96,50,346,85.55,9,6,13.9,13.9,2466,9.9,2073,0.918,,,
Detroit Red Wings,2003,31.4,82,48,20,4,110,0.671,269,203,0.85,0.05,5.76,182,144,76,319,23.82,55,377,85.41,11,4,14.5,13.6,2441,11,2361,0.914,,,
New Jersey Devils,2003,29.3,82,46,20,6,108,0.659,216,166,0.49,-0.12,4.66,173,130,36,303,11.88,32,264,87.88,7,4,11.3,11.2,2601,8.3,1933,0.914,,,
Philadelphia Flyers,2003,29.1,82,45,20,4,107,0.652,211,166,0.43,-0.12,4.6,156,108,47,328,14.33,50,338,85.21,8,8,11.9,11.9,2537,8.3,2019,0.918,,,
Colorado Avalanche,2003,28.7,82,42,19,8,105,0.64,251,194,0.75,0.06,5.43,178,125,68,363,18.73,63,359,82.45,5,6,12.9,13.2,2386,10.5,2322,0.916,,,
Vancouver Canucks,2003,26.9,82,45,23,1,104,0.634,264,208,0.74,0.05,5.76,165,136,87,419,20.76,62,389,84.06,12,10,14,15,2388,11.1,2185,0.905,,,
St. Louis Blues,2003,29.6,82,41,24,6,99,0.604,253,222,0.43,0.05,5.79,162,144,80,391,20.46,71,389,81.75,11,7,19.6,17.9,2301,11,2047,0.892,,,
Toronto Maple Leafs,2003,30.4,82,44,28,3,98,0.598,236,208,0.26,-0.08,5.41,162,145,63,359,17.55,56,426,86.85,11,7,16.7,13.7,2152,11,2423,0.914,,,
Minnesota Wild,2003,28,82,42,29,1,95,0.579,198,178,0.32,0.08,4.59,137,130,52,366,14.21,43,308,86.04,9,5,12.6,13.9,2086,9.5,2335,0.924,,,
Mighty Ducks of Anaheim,2003,27.7,82,40,27,6,95,0.579,203,193,0.19,0.07,4.83,139,146,56,348,16.09,42,333,87.39,8,5,11.4,11.9,2246,9,2377,0.919,,,
Tampa Bay Lightning,2003,26.8,82,36,25,5,93,0.567,219,210,-0.01,-0.12,5.23,143,150,70,391,17.9,55,316,82.59,6,5,12.8,14.3,2395,9.1,2298,0.909,,,
Washington Capitals,2003,29.1,82,39,29,6,92,0.561,224,220,-0.06,-0.11,5.41,159,144,57,331,17.22,72,384,81.25,8,4,15.2,13.5,2223,10.1,2454,0.91,,,
Edmonton Oilers,2003,26.6,82,36,26,9,92,0.561,231,230,0.12,0.11,5.62,162,161,56,386,14.51,61,351,82.62,13,8,14.5,15,2292,10.1,2248,0.898,,,
Boston Bruins,2003,27.9,82,36,31,4,87,0.53,245,237,0.02,-0.08,5.88,176,161,59,325,18.15,65,375,82.67,10,11,16.4,15,2636,9.3,2322,0.898,,,
New York Islanders,2003,27.7,82,35,34,2,83,0.506,224,231,-0.16,-0.07,5.55,154,159,58,384,15.1,67,405,83.46,12,5,14.9,14.6,2427,9.2,2318,0.9,,,
Chicago Blackhawks,2003,29.6,82,30,33,6,79,0.482,207,226,-0.14,0.09,5.28,160,162,39,308,12.66,56,369,84.82,8,8,14.1,12.2,2279,9.1,2345,0.904,,,
Los Angeles Kings,2003,28.4,82,33,37,6,78,0.476,203,221,-0.13,0.09,5.17,143,155,52,354,14.69,62,371,83.29,8,4,13.4,13.3,2272,8.9,2141,0.897,,,
Phoenix Coyotes,2003,27.5,82,31,35,5,78,0.476,204,230,-0.23,0.08,5.29,145,142,55,385,14.29,77,412,81.31,4,11,17.2,16.9,2297,8.9,2458,0.906,,,
New York Rangers,2003,29.4,82,32,36,4,78,0.476,210,231,-0.33,-0.08,5.38,147,150,55,339,16.22,73,388,81.19,8,8,15.8,14.2,2465,8.5,2426,0.905,,,
Montreal Canadiens,2003,28.9,82,30,35,9,77,0.47,206,234,-0.39,-0.05,5.37,160,170,44,315,13.97,58,317,81.7,2,6,10.7,11,2119,9.7,2678,0.913,,,
Calgary Flames,2003,27.4,82,29,36,4,75,0.457,186,228,-0.37,0.14,5.05,134,153,47,389,12.08,65,389,83.29,5,10,16.7,16.5,2341,7.9,2222,0.897,,,
Nashville Predators,2003,27.1,82,27,35,7,74,0.451,183,206,-0.17,0.11,4.74,123,137,58,418,13.88,61,353,82.72,2,8,11.7,13.3,2316,7.9,2252,0.909,,,
Atlanta Thrashers,2003,27.1,82,31,39,5,74,0.451,226,284,-0.78,-0.07,6.22,154,205,64,371,17.25,65,355,81.69,8,14,15,15.8,2163,10.4,2593,0.89,,,
San Jose Sharks,2003,27.5,82,28,37,8,73,0.445,214,239,-0.21,0.1,5.52,141,161,68,375,18.13,68,358,81.01,5,10,13.2,14.3,2303,9.3,2392,0.9,,,
Buffalo Sabres,2003,25.9,82,27,37,8,72,0.439,190,219,-0.4,-0.05,4.99,131,155,51,354,14.41,53,363,85.4,8,11,15.2,14.7,2345,8.1,2296,0.905,,,
Florida Panthers,2003,25.1,82,24,36,9,70,0.427,176,237,-0.78,-0.03,5.04,120,162,49,347,14.12,66,356,81.46,7,9,13.6,14.4,2229,7.9,2724,0.913,,,
Columbus Blue Jackets,2003,27.7,82,29,42,3,69,0.421,213,263,-0.51,0.11,5.8,130,194,71,410,17.32,60,409,85.33,12,9,18,18.9,2143,9.9,2641,0.9,,,
Pittsburgh Penguins,2003,27.8,82,27,44,5,65,0.396,189,255,-0.85,-0.04,5.41,120,187,66,360,18.33,58,352,83.52,3,10,13.3,11.8,2079,9.1,2535,0.899,,,
Carolina Hurricanes,2003,28.5,82,22,43,6,61,0.372,171,240,-0.9,-0.06,5.01,107,160,58,420,13.81,71,392,81.89,6,9,14.5,16.1,2414,7.1,2332,0.897,,,
Detroit Red Wings,2002,31.9,82,51,17,4,116,0.707,251,187,0.83,0.05,5.34,169,132,73,359,20.33,48,343,86.01,9,7,12.7,12.9,2538,9.9,2159,0.913,,,
Boston Bruins,2002,28.1,82,43,24,9,101,0.616,236,201,0.33,-0.09,5.33,183,151,39,283,13.78,45,349,87.11,14,5,17.6,15.2,2595,9.1,2057,0.902,,,
Toronto Maple Leafs,2002,29.6,82,43,25,4,100,0.61,249,207,0.44,-0.08,5.56,186,150,54,349,15.47,51,328,84.45,9,6,14.7,15.5,2339,10.6,2044,0.899,,,
San Jose Sharks,2002,27.9,82,44,27,3,99,0.604,248,199,0.62,0.02,5.45,174,139,59,369,15.99,54,381,85.83,15,6,15.1,15.1,2227,11.1,2335,0.915,,,
Colorado Avalanche,2002,27.9,82,45,28,1,99,0.604,212,169,0.58,0.06,4.65,143,121,62,344,18.02,41,315,86.98,7,7,12.2,12.6,2252,9.4,2177,0.922,,,
St. Louis Blues,2002,29.3,82,43,27,4,98,0.598,227,188,0.54,0.07,5.06,160,125,62,356,17.42,56,379,85.22,5,7,16.1,15.5,2378,9.5,1847,0.898,,,
Philadelphia Flyers,2002,28.9,82,42,27,3,97,0.591,234,192,0.41,-0.11,5.2,187,142,39,300,13,40,293,86.35,8,10,15,15.7,2442,9.6,2139,0.91,,,
New York Islanders,2002,27.5,82,42,28,4,96,0.585,239,220,0.15,-0.08,5.6,163,158,59,363,16.25,52,366,85.79,17,10,15.2,16,2319,10.3,2285,0.904,,,
Chicago Blackhawks,2002,29.4,82,41,27,1,96,0.585,216,207,0.19,0.08,5.16,158,142,54,302,17.88,63,340,81.47,4,2,14.9,13,2271,9.5,2077,0.9,,,
Phoenix Coyotes,2002,27.2,82,40,27,6,95,0.579,228,210,0.29,0.07,5.34,167,144,53,340,15.59,60,356,83.15,8,6,13.9,14.6,2179,10.5,2349,0.911,,,
Los Angeles Kings,2002,28.9,82,40,27,4,95,0.579,214,190,0.35,0.05,4.93,136,135,73,353,20.68,49,366,86.61,5,6,16.2,15.6,2110,10.1,2051,0.907,,,
New Jersey Devils,2002,28.9,82,41,28,4,95,0.579,205,187,0.15,-0.07,4.78,159,136,44,261,16.86,43,265,83.77,2,8,12.1,11.8,2445,8.4,1900,0.902,,,
Vancouver Canucks,2002,26.3,82,42,30,3,94,0.573,254,211,0.59,0.07,5.67,182,145,69,372,18.55,57,379,84.96,3,9,16,15.7,2326,10.9,2078,0.899,,,
Ottawa Senators,2002,26.3,82,39,27,7,94,0.573,243,208,0.36,-0.07,5.5,177,155,55,331,16.62,48,307,84.36,11,5,16.3,16.6,2469,9.8,2125,0.902,,,
Edmonton Oilers,2002,26.1,82,38,28,4,92,0.561,205,182,0.34,0.06,4.72,142,125,51,333,15.32,50,348,85.63,12,7,15.4,14.9,2256,9.1,2120,0.914,,,
Carolina Hurricanes,2002,29.2,82,35,26,5,91,0.555,217,217,-0.09,-0.09,5.29,150,152,63,391,16.11,54,332,83.73,4,11,12.3,15.9,2347,9.2,2214,0.902,,,
Dallas Stars,2002,30.5,82,36,28,5,90,0.549,215,213,0.09,0.07,5.22,148,146,60,350,17.14,59,319,81.5,7,8,11.5,13.1,2335,9.2,2135,0.9,,,
Montreal Canadiens,2002,28.4,82,36,31,3,87,0.53,207,209,-0.1,-0.08,5.07,155,167,45,301,14.95,38,277,86.28,7,4,11.6,12.5,2092,9.9,2597,0.92,,,
Washington Capitals,2002,30.1,82,36,33,2,85,0.518,228,240,-0.25,-0.1,5.71,168,174,58,299,19.4,58,325,82.15,2,8,12.6,13.1,2293,9.9,2357,0.898,,,
Buffalo Sabres,2002,26,82,35,35,1,82,0.5,213,200,0.09,-0.07,5.04,156,153,50,375,13.33,41,304,86.51,7,6,14.6,16,2295,9.3,2120,0.906,,,
New York Rangers,2002,28.9,82,36,38,4,80,0.488,227,258,-0.43,-0.05,5.91,171,173,48,326,14.72,80,398,79.9,8,5,21.3,16.8,2392,9.5,2618,0.901,,,
Calgary Flames,2002,27.6,82,32,35,3,79,0.482,201,220,-0.15,0.08,5.13,136,149,55,364,15.11,66,356,81.46,10,5,19.2,19.1,2207,9.1,2242,0.902,,,
Minnesota Wild,2002,27.3,82,26,35,9,73,0.445,195,238,-0.41,0.11,5.28,129,167,55,373,14.75,62,362,82.87,11,9,14.6,14,1954,10,2296,0.896,,,
Nashville Predators,2002,26.8,82,28,41,0,69,0.421,196,230,-0.31,0.1,5.2,142,172,48,337,14.24,50,354,85.88,6,8,12.8,13.4,2019,9.7,2313,0.901,,,
Mighty Ducks of Anaheim,2002,27,82,29,42,3,69,0.421,175,198,-0.2,0.08,4.55,128,143,43,373,11.53,46,330,86.06,4,9,15.1,17,2142,8.2,2253,0.912,,,
Pittsburgh Penguins,2002,26.5,82,28,41,5,69,0.421,198,249,-0.66,-0.04,5.45,146,182,47,335,14.03,57,352,83.81,5,10,15,14,2215,8.9,2394,0.896,,,
Tampa Bay Lightning,2002,26.4,82,27,40,4,69,0.421,178,219,-0.58,-0.08,4.84,126,170,46,312,14.74,40,273,85.35,6,9,12.8,12.8,2179,8.2,2523,0.913,,,
Florida Panthers,2002,26.1,82,22,44,6,60,0.366,180,250,-0.92,-0.07,5.24,122,167,50,341,14.66,76,393,80.66,8,7,24.1,22.1,2205,8.2,2666,0.906,,,
Columbus Blue Jackets,2002,28,82,22,47,5,57,0.348,164,255,-0.97,0.14,5.11,111,195,50,356,14.04,52,306,83.01,3,8,14.4,16.2,2046,8,2469,0.897,,,
Atlanta Thrashers,2002,27.1,82,19,47,5,54,0.329,187,288,-1.27,-0.04,5.79,147,211,37,306,12.09,65,358,81.84,3,12,15.5,14.2,1984,9.4,2911,0.901,,,
Colorado Avalanche,2001,28.4,82,52,16,4,118,0.72,270,192,0.95,0,5.63,179,122,80,363,22.04,59,342,82.75,11,11,13.7,14.3,2395,11.3,2059,0.907,,,
Detroit Red Wings,2001,30.1,82,49,20,4,111,0.677,253,202,0.63,0.01,5.55,158,140,85,384,22.14,55,385,85.71,10,7,13,12.8,2650,9.5,2221,0.909,,,
New Jersey Devils,2001,28.5,82,48,19,3,111,0.677,295,195,1.1,-0.12,5.98,215,140,71,310,22.9,49,320,84.69,9,6,14.9,13.6,2588,11.4,2024,0.904,,,
Ottawa Senators,2001,25.8,82,48,21,4,109,0.665,274,205,0.74,-0.1,5.84,193,151,71,381,18.64,49,361,86.43,10,5,12.8,14.1,2476,11.1,2235,0.908,,,
Dallas Stars,2001,29.4,82,48,24,2,106,0.646,241,187,0.68,0.02,5.22,162,131,72,367,19.62,49,355,86.2,7,7,12.6,13.5,2100,11.5,2043,0.908,,,
St. Louis Blues,2001,28.5,82,43,22,5,103,0.628,249,195,0.67,0.01,5.41,162,131,72,385,18.7,57,389,85.35,15,7,16.2,16.4,2494,10,1933,0.899,,,
Philadelphia Flyers,2001,28.1,82,43,25,3,100,0.61,240,207,0.33,-0.07,5.45,174,143,55,350,15.71,55,314,82.48,11,9,14.3,16.1,2452,9.8,2144,0.903,,,
Buffalo Sabres,2001,28.1,82,46,30,1,98,0.598,218,184,0.35,-0.07,4.9,152,139,60,373,16.09,40,334,88.02,6,5,15.1,15.4,2204,9.9,2195,0.916,,,
Pittsburgh Penguins,2001,28,82,42,28,3,96,0.585,281,256,0.23,-0.07,6.55,198,167,76,375,20.27,78,405,80.74,7,11,19.2,18.7,2394,11.7,2397,0.893,,,
Washington Capitals,2001,30.1,82,41,27,4,96,0.585,233,211,0.16,-0.1,5.41,152,142,75,353,21.25,62,391,84.14,6,7,13.8,12.8,2348,9.9,2273,0.907,,,
San Jose Sharks,2001,26.8,82,40,27,3,95,0.579,217,192,0.36,0.06,4.99,152,121,57,406,14.04,61,441,86.17,8,10,16.5,16.8,2266,9.6,2169,0.911,,,
Edmonton Oilers,2001,26.2,82,39,28,3,93,0.567,243,222,0.32,0.07,5.67,171,156,59,398,14.82,62,382,83.77,13,4,15.6,15.5,2145,11.3,2139,0.896,,,
Los Angeles Kings,2001,28.5,82,38,28,3,92,0.561,252,228,0.32,0.03,5.85,167,150,71,367,19.35,72,382,81.15,14,6,14.3,14.4,2288,11,2160,0.894,,,
Toronto Maple Leafs,2001,29.4,82,37,29,5,90,0.549,232,207,0.25,-0.05,5.35,173,143,57,355,16.06,55,366,84.97,2,9,17.4,15.1,2276,10.2,2244,0.908,,,
Vancouver Canucks,2001,26.7,82,36,28,7,90,0.549,239,238,0.08,0.07,5.82,156,153,71,416,17.07,74,387,80.88,12,11,13.4,15.6,2434,9.8,2121,0.888,,,
Phoenix Coyotes,2001,28.5,82,35,27,3,90,0.549,214,212,0.07,0.05,5.2,148,142,57,343,16.62,64,432,85.19,9,6,16.2,12.4,2055,10.4,2430,0.913,,,
Carolina Hurricanes,2001,28.7,82,38,32,3,88,0.537,212,225,-0.24,-0.08,5.33,134,164,72,382,18.85,45,351,87.18,6,16,13.1,13.7,2217,9.6,2206,0.898,,,
Boston Bruins,2001,26.9,82,36,30,8,88,0.537,227,249,-0.27,0,5.8,155,177,64,390,16.41,65,377,82.76,8,7,16,16.7,2359,9.6,2190,0.886,,,
Nashville Predators,2001,27,82,34,36,3,80,0.488,186,200,-0.11,0.06,4.71,128,147,51,361,14.13,49,331,85.2,7,4,11.4,12.2,2182,8.5,2347,0.915,,,
Calgary Flames,2001,27.7,82,27,36,4,73,0.445,197,236,-0.37,0.11,5.28,129,149,65,435,14.94,76,378,79.89,3,11,16.6,18.8,2230,8.8,2224,0.894,,,
New York Rangers,2001,29.5,82,33,43,1,72,0.439,250,290,-0.53,-0.04,6.59,169,192,65,363,17.91,86,400,78.5,16,12,18.3,16.8,2345,10.7,2575,0.887,,,
Chicago Blackhawks,2001,27.8,82,29,40,5,71,0.433,210,246,-0.36,0.08,5.56,154,182,41,318,12.89,52,323,83.9,15,12,11.9,11.9,2160,9.7,2190,0.888,,,
Columbus Blue Jackets,2001,28.2,82,28,39,6,71,0.433,190,233,-0.44,0.08,5.16,131,155,56,381,14.7,70,363,80.72,3,8,14.8,14.9,2082,9.1,2475,0.906,,,
Montreal Canadiens,2001,26.8,82,28,40,6,70,0.427,206,232,-0.35,-0.03,5.34,132,169,68,421,16.15,60,337,82.2,5,3,12.2,15.7,2147,9.5,2296,0.899,,,
Minnesota Wild,2001,27.4,82,25,39,5,68,0.415,168,210,-0.42,0.09,4.61,119,139,36,374,9.63,57,373,84.72,13,14,14.3,13.8,2020,8.3,2307,0.909,,,
Mighty Ducks of Anaheim,2001,26.9,82,25,41,5,66,0.402,188,245,-0.6,0.1,5.28,116,161,66,373,17.69,71,390,81.79,6,13,13.7,12.6,2123,8.9,2417,0.899,,,
Florida Panthers,2001,27,82,22,38,9,66,0.402,200,246,-0.6,-0.04,5.44,146,169,46,353,13.03,64,398,83.92,8,13,18.3,18.1,2170,9.2,2559,0.904,,,
Atlanta Thrashers,2001,27.8,82,23,45,2,60,0.366,211,289,-0.99,-0.04,6.1,148,191,54,395,13.67,90,408,77.94,9,8,18.2,17.7,2291,9.2,2655,0.891,,,
Tampa Bay Lightning,2001,24.6,82,24,47,5,59,0.36,201,280,-0.98,-0.01,5.87,139,197,53,424,12.5,72,422,82.94,9,11,16.9,16.1,2014,10,2557,0.89,,,
New York Islanders,2001,26.8,82,21,51,3,52,0.317,185,268,-1.02,0,5.52,125,175,51,386,13.21,79,445,82.25,9,14,16.2,14.5,2257,8.2,2377,0.888,,,
St. Louis Blues,2000,28.7,82,51,19,1,114,0.695,248,165,1.08,0.07,5.04,174,120,61,342,17.84,42,345,87.83,13,3,13.6,13.9,2445,10.1,1814,0.909,,,
Detroit Red Wings,2000,30.7,82,48,22,2,108,0.659,278,210,0.88,0.05,5.95,194,160,69,338,20.41,44,311,85.85,15,6,12.1,12.7,2620,10.6,2169,0.903,,,
Philadelphia Flyers,2000,29,82,45,22,3,105,0.64,237,179,0.58,-0.13,5.07,161,130,69,340,20.29,42,316,86.71,7,7,14.9,16,2495,9.5,1938,0.908,,,
New Jersey Devils,2000,27.8,82,45,24,5,103,0.628,251,203,0.46,-0.13,5.54,186,155,55,274,20.07,39,313,87.54,9,9,15.8,13.8,2716,9.2,2100,0.903,,,
Washington Capitals,2000,29,82,44,24,2,102,0.622,227,194,0.28,-0.13,5.13,175,144,43,287,14.98,47,341,86.22,9,3,12,10.8,2269,10,2270,0.915,,,
Dallas Stars,2000,28.8,82,43,23,6,102,0.622,211,184,0.41,0.08,4.82,148,142,54,343,15.74,33,307,89.25,9,9,12.4,13.5,2099,10.1,2183,0.916,,,
Toronto Maple Leafs,2000,28.2,82,45,27,3,100,0.61,246,222,0.25,-0.05,5.71,178,159,57,321,17.76,58,330,82.42,11,5,13.3,13.6,2160,11.4,2386,0.907,,,
Florida Panthers,2000,27.6,82,43,27,6,98,0.598,244,209,0.28,-0.15,5.52,184,154,58,338,17.16,47,323,85.45,2,8,16.1,16.7,2198,11.1,2431,0.914,,,
Colorado Avalanche,2000,27.4,82,42,28,1,96,0.585,233,201,0.46,0.07,5.29,171,142,59,302,19.54,52,335,84.48,3,7,13.4,12.7,2187,10.7,2282,0.912,,,
Ottawa Senators,2000,27.4,82,41,28,2,95,0.579,244,210,0.3,-0.12,5.54,186,168,52,310,16.77,34,273,87.55,6,8,10.2,11.9,2584,9.4,2064,0.898,,,
Los Angeles Kings,2000,28,82,39,27,4,94,0.573,245,228,0.3,0.09,5.77,181,150,60,356,16.85,66,373,82.31,4,12,16,15.9,2421,10.1,2290,0.9,,,
Phoenix Coyotes,2000,29.6,82,39,31,4,90,0.549,232,228,0.15,0.1,5.61,181,178,37,310,11.94,43,306,85.95,14,7,11.3,11.1,2212,10.5,2334,0.902,,,
Pittsburgh Penguins,2000,26.8,82,37,31,6,88,0.537,241,236,-0.03,-0.09,5.82,180,169,54,346,15.61,56,321,82.55,7,11,14.7,14.5,2137,11.3,2356,0.9,,,
Edmonton Oilers,2000,26,82,32,26,8,88,0.537,226,212,0.22,0.05,5.34,164,154,53,336,15.77,54,369,85.37,9,4,16.2,14.9,2310,9.8,2318,0.909,,,
San Jose Sharks,2000,27.6,82,35,30,7,87,0.53,225,214,0.23,0.1,5.35,147,149,62,377,16.45,61,372,83.6,16,4,15.7,14.8,2248,10,2357,0.909,,,
Buffalo Sabres,2000,26.5,82,35,32,4,85,0.518,213,204,0.01,-0.1,5.09,168,140,37,351,10.54,54,361,85.04,8,10,14.2,13.5,2228,9.6,2207,0.908,,,
Carolina Hurricanes,2000,29.4,82,37,35,0,84,0.512,217,216,-0.1,-0.11,5.28,156,169,58,342,16.96,40,253,84.19,3,7,9.7,11.8,2161,10,2141,0.899,,,
Vancouver Canucks,2000,27,82,30,29,8,83,0.506,227,237,-0.01,0.11,5.66,167,167,51,323,15.79,63,322,80.43,9,7,12.5,12.2,2187,10.4,2292,0.897,,,
Montreal Canadiens,2000,27.6,82,35,34,4,83,0.506,196,194,-0.06,-0.09,4.76,135,146,54,323,16.72,40,302,86.75,7,8,12.8,12.8,2135,9.2,2264,0.914,,,
Mighty Ducks of Anaheim,2000,27.6,82,34,33,3,83,0.506,217,227,0.02,0.14,5.41,158,157,55,332,16.57,62,296,79.05,4,8,11.2,12.9,2352,9.2,2259,0.9,,,
Chicago Blackhawks,2000,27.1,82,33,37,2,78,0.476,242,245,0.1,0.13,5.94,180,174,52,325,16,58,355,83.66,10,13,17.4,17.3,2106,11.5,2397,0.898,,,
Calgary Flames,2000,26.5,82,31,36,5,77,0.47,211,256,-0.42,0.13,5.7,148,174,59,330,17.88,74,365,79.73,4,8,15.4,15.5,2468,8.5,2381,0.892,,,
Boston Bruins,2000,26.8,82,24,33,6,73,0.445,210,248,-0.52,-0.06,5.59,159,189,51,355,14.37,55,268,79.48,0,4,10.5,13.1,2516,8.3,2273,0.891,,,
New York Rangers,2000,29.6,82,29,38,3,73,0.445,218,246,-0.39,-0.05,5.66,158,188,55,325,16.92,49,292,83.22,5,9,11.1,12.5,2416,9,2446,0.899,,,
Nashville Predators,2000,26.7,82,28,40,7,70,0.427,199,240,-0.36,0.14,5.35,149,183,41,304,13.49,46,309,85.11,9,11,11.4,11.3,2215,9,2499,0.904,,,
New York Islanders,2000,24.4,82,24,48,1,58,0.354,194,275,-1.02,-0.03,5.72,141,183,45,320,14.06,84,420,80,8,8,16.7,13.8,2146,9,2742,0.9,,,
Tampa Bay Lightning,2000,25.3,82,19,47,7,54,0.329,204,310,-1.34,-0.05,6.27,144,226,51,365,13.97,77,399,80.7,9,7,20.9,19.1,2084,9.8,2494,0.876,,,
Atlanta Thrashers,2000,27.5,82,14,57,4,39,0.238,170,313,-1.75,0,5.89,120,224,44,348,12.64,76,386,80.31,6,13,17.2,16,2115,8,2543,0.877,,,
